"ScanNumber, ScanName, ScanPointNumber, corr_Xcoord in mm per BX, corr_Ycoord in mm per BX"
Scan_1
1,X1,1,"{'281': -0.0008607679755772336, '1783': -0.00081552894354271557, '872': -0.00082661596740261803, '2063': -0.00083959585424581162, '41': -0.00086281980437779204}","{'281': 0.0, '1783': 0.0, '872': 0.0, '2063': 0.0, '41': 0.0}"
1,X1,2,"{'281': -0.00094065577089497577, '1783': -0.00089103864039808615, '872': -0.00090367115603771518, '2063': -0.0009159417154210814, '41': -0.00094276270530315115}","{'281': 0.0, '1783': 0.0, '872': 0.0, '2063': 0.0, '41': 0.0}"
1,X1,3,"{'281': -0.001035611062204573, '1783': -0.00098127444192962188, '872': -0.00099516467063240507, '2063': -0.0010067679603759992, '41': -0.0010373065415995076}","{'281': 0.0, '1783': 0.0, '872': 0.0, '2063': 0.0, '41': 0.0}"
1,X1,4,"{'281': -0.0011484801034520238, '1783': -0.0010898990082467712, '872': -0.0011035397942860752, '2063': -0.0011155627096163464, '41': -0.001148578466166084}","{'281': 0.0, '1783': 0.0, '872': 0.0, '2063': 0.0, '41': 0.0}"
1,X1,5,"{'281': -0.0012787805558652733, '1783': -0.0012183706276147643, '872': -0.0012277898618454485, '2063': -0.0012436134021041232, '41': -0.0012748578938343415}","{'281': 0.0, '1783': 0.0, '872': 0.0, '2063': 0.0, '41': 0.0}"
1,X1,6,"{'281': -0.0014197948050216412, '1783': -0.0013631387984477752, '872': -0.0013606973464887553, '2063': -0.0013872746803810867, '41': -0.0014078919491302645}","{'281': 0.0, '1783': 0.0, '872': 0.0, '2063': 0.0, '41': 0.0}"
1,X1,7,"{'281': -0.0015525055888646157, '1783': -0.0015086837437696561, '872': -0.0014833588830770108, '2063': -0.0015310317030017022, '41': -0.0015276650277699}","{'281': 0.0, '1783': 0.0, '872': 0.0, '2063': 0.0, '41': 0.0}"
1,X1,8,"{'281': -0.0016402040397691462, '1783': -0.0016195883870777528, '872': -0.0015607101656687984, '2063': -0.0016396474047593382, '41': -0.0015985546870970558}","{'281': 0.0, '1783': 0.0, '872': 0.0, '2063': 0.0, '41': 0.0}"
1,X1,9,"{'281': -0.0016318226704386833, '1783': -0.0016407651435218684, '872': -0.0015454831849636831, '2063': -0.001658148822394765, '41': -0.0015739379318267153}","{'281': 0.0, '1783': 0.0, '872': 0.0, '2063': 0.0, '41': 0.0}"
1,X1,10,"{'281': -0.0014726321855893839, '1783': -0.0015071333928024767, '872': -0.0013883469454628945, '2063': -0.0015213596503243574, '41': -0.0014064326794257331}","{'281': 0.0, '1783': 0.0, '872': 0.0, '2063': 0.0, '41': 0.0}"
1,X1,11,"{'281': -0.001130276610765276, '1783': -0.0011738936967600352, '872': -0.0010615343544843271, '2063': -0.0011842069101317305, '41': -0.0010707968529390201}","{'281': 0.0, '1783': 0.0, '872': 0.0, '2063': 0.0, '41': 0.0}"
1,X1,12,"{'281': -0.00061710567461203275, '1783': -0.0006471526861990402, '872': -0.0005781241556049166, '2063': -0.00065263670577924652, '41': -0.00058157350452219924}","{'281': 0.0, '1783': 0.0, '872': 0.0, '2063': 0.0, '41': 0.0}"
1,X1,13,"{'281': 0.0, '1783': 0.0, '872': 0.0, '2063': 0.0, '41': 0.0}","{'281': 0.0, '1783': 0.0, '872': 0.0, '2063': 0.0, '41': 0.0}"
1,X1,14,"{'281': 0.00061702254347746057, '1783': 0.00064705292385991366, '872': 0.00057803673989796276, '2063': 0.00065253762643110644, '41': 0.00058149413595042735}","{'281': 0.0, '1783': 0.0, '872': 0.0, '2063': 0.0, '41': 0.0}"
1,X1,15,"{'281': 0.0011301405981912428, '1783': 0.001173734971514238, '872': 0.0010613929622058573, '2063': 0.0011840378221070953, '41': 0.0010706813558889344}","{'281': 0.0, '1783': 0.0, '872': 0.0, '2063': 0.0, '41': 0.0}"
1,X1,16,"{'281': 0.0014724344826404772, '1783': 0.0015069295178164212, '872': 0.0013881596100884836, '2063': 0.0015211255544375852, '41': 0.0014062928989522262}","{'281': 0.0, '1783': 0.0, '872': 0.0, '2063': 0.0, '41': 0.0}"
1,X1,17,"{'281': 0.0016312519103385559, '1783': 0.0016402073687877524, '872': 0.0015449540477431693, '2063': 0.0016575500403664097, '41': 0.0015734690708110862}","{'281': 0.0, '1783': 0.0, '872': 0.0, '2063': 0.0, '41': 0.0}"
1,X1,18,"{'281': 0.0016395707905292487, '1783': 0.0016189679417916679, '872': 0.0015601177008454867, '2063': 0.0016389994347073323, '41': 0.0015980436812625817}","{'281': 0.0, '1783': 0.0, '872': 0.0, '2063': 0.0, '41': 0.0}"
1,X1,19,"{'281': 0.0015517679505030765, '1783': 0.0015079466365923455, '872': 0.0014826502524160497, '2063': 0.0015302664140129086, '41': 0.0015270442021622537}","{'281': 0.0, '1783': 0.0, '872': 0.0, '2063': 0.0, '41': 0.0}"
1,X1,20,"{'281': 0.0014190804177642616, '1783': 0.001362451054174859, '872': 0.0013600198250880745, '2063': 0.001386538465647136, '41': 0.0014072928343287789}","{'281': 0.0, '1783': 0.0, '872': 0.0, '2063': 0.0, '41': 0.0}"
1,X1,21,"{'281': 0.0012781001192502031, '1783': 0.0012177274392487422, '872': 0.0012271407976064809, '2063': 0.0012429245382975379, '41': 0.0012743031789583738}","{'281': 0.0, '1783': 0.0, '872': 0.0, '2063': 0.0, '41': 0.0}"
1,X1,22,"{'281': 0.00114781146275141, '1783': 0.0010892674071579466, '872': 0.0011028958543702803, '2063': 0.0011148873863905161, '41': 0.0011480358928422866}","{'281': 0.0, '1783': 0.0, '872': 0.0, '2063': 0.0, '41': 0.0}"
1,X1,23,"{'281': 0.0010350620975684516, '1783': 0.00098075556992430657, '872': 0.00099463080478085701, '2063': 0.0010062030093276346, '41': 0.0010368820301652831}","{'281': 0.0, '1783': 0.0, '872': 0.0, '2063': 0.0, '41': 0.0}"
1,X1,24,"{'281': 0.00093996013706962767, '1783': 0.00089038802514323546, '872': 0.00090300385830793253, '2063': 0.00091524158916065669, '41': 0.00094218307411625271}","{'281': 0.0, '1783': 0.0, '872': 0.0, '2063': 0.0, '41': 0.0}"
1,X1,25,"{'281': 0.00086004762669564716, '1783': 0.00081484756308112692, '872': 0.00082592734815479065, '2063': 0.00083885942075149459, '41': 0.00086220706537558746}","{'281': 0.0, '1783': 0.0, '872': 0.0, '2063': 0.0, '41': 0.0}"
Scan_2
2,Y2,1,"{'281': 0.0, '1783': 0.0, '872': 0.0, '2063': 0.0, '41': 0.0}","{'281': -0.00078437598129644148, '1783': -0.00074693639051347672, '872': -0.00074953847691477818, '2063': -0.00078089181900020026, '41': -0.0007851223037018103}"
2,Y2,2,"{'281': 0.0, '1783': 0.0, '872': 0.0, '2063': 0.0, '41': 0.0}","{'281': -0.00085368690198794764, '1783': -0.00081333658089968036, '872': -0.00081543981611534094, '2063': -0.00085136313864036227, '41': -0.00085432176583312707}"
2,Y2,3,"{'281': 0.0, '1783': 0.0, '872': 0.0, '2063': 0.0, '41': 0.0}","{'281': -0.00093602282690674252, '1783': -0.00089245638505801035, '872': -0.00089364223763629437, '2063': -0.00093536424919652588, '41': -0.00093634162495410348}"
2,Y2,4,"{'281': 0.0, '1783': 0.0, '872': 0.0, '2063': 0.0, '41': 0.0}","{'281': -0.0010344189016611974, '1783': -0.00098761333170649108, '872': -0.00098702422624138259, '2063': -0.0010358454504937064, '41': -0.0010338365981748796}"
2,Y2,5,"{'281': 0.0, '1783': 0.0, '872': 0.0, '2063': 0.0, '41': 0.0}","{'281': -0.0011512609343634894, '1783': -0.0011020600982150834, '872': -0.0010978820882601749, '2063': -0.0011546264479050526, '41': -0.0011483620925762036}"
2,Y2,6,"{'281': 0.0, '1783': 0.0, '872': 0.0, '2063': 0.0, '41': 0.0}","{'281': -0.0012850299397827514, '1783': -0.0012362177319066056, '872': -0.0012249269886686182, '2063': -0.0012888091818280419, '41': -0.0012769484140959823}"
2,Y2,7,"{'281': 0.0, '1783': 0.0, '872': 0.0, '2063': 0.0, '41': 0.0}","{'281': -0.0014242474745798388, '1783': -0.0013815357056650753, '872': -0.0013574828572664509, '2063': -0.0014247741453708549, '41': -0.0014064064587818801}"
2,Y2,8,"{'281': 0.0, '1783': 0.0, '872': 0.0, '2063': 0.0, '41': 0.0}","{'281': -0.001538499235363819, '1783': -0.0015101721741724989, '872': -0.0014668504064075461, '2063': -0.0015304239708399173, '41': -0.0015058229859112649}"
2,Y2,9,"{'281': 0.0, '1783': 0.0, '872': 0.0, '2063': 0.0, '41': 0.0}","{'281': -0.0015742512830132771, '1783': -0.0015677054208402864, '872': -0.0015020664898672332, '2063': -0.0015533464128231009, '41': -0.0015246191498603512}"
2,Y2,10,"{'281': 0.0, '1783': 0.0, '872': 0.0, '2063': 0.0, '41': 0.0}","{'281': -0.0014633350753045318, '1783': -0.0014790363278425888, '872': -0.0013976209265645896, '2063': -0.0014308536983534963, '41': -0.001402083385368626}"
2,Y2,11,"{'281': 0.0, '1783': 0.0, '872': 0.0, '2063': 0.0, '41': 0.0}","{'281': -0.0011524413229399794, '1783': -0.0011797807359716314, '872': -0.0011017500739848502, '2063': -0.0011176718225821025, '41': -0.0010941491940980313}"
2,Y2,12,"{'281': 0.0, '1783': 0.0, '872': 0.0, '2063': 0.0, '41': 0.0}","{'281': -0.00064028001670095834, '1783': -0.00066111092176078935, '872': -0.0006125358516265168, '2063': -0.0006174726350535527, '41': -0.00060419126241910057}"
2,Y2,13,"{'281': 0.0, '1783': 0.0, '872': 0.0, '2063': 0.0, '41': 0.0}","{'281': 0.0, '1783': 0.0, '872': 0.0, '2063': 0.0, '41': 0.0}"
2,Y2,14,"{'281': 0.0, '1783': 0.0, '872': 0.0, '2063': 0.0, '41': 0.0}","{'281': 0.000640248590874249, '1783': 0.00066108263217875066, '872': 0.00061250704354213353, '2063': 0.00061744627161994432, '41': 0.00060416278049695211}"
2,Y2,15,"{'281': 0.0, '1783': 0.0, '872': 0.0, '2063': 0.0, '41': 0.0}","{'281': 0.0011525215457276537, '1783': 0.0011798628484159326, '872': 0.0011018186641195897, '2063': 0.0011177537137104707, '41': 0.0010942374883655267}"
2,Y2,16,"{'281': 0.0, '1783': 0.0, '872': 0.0, '2063': 0.0, '41': 0.0}","{'281': 0.001463404421427656, '1783': 0.0014791064951981752, '872': 0.0013976752192748102, '2063': 0.0014309161522897003, '41': 0.0014021758810359899}"
2,Y2,17,"{'281': 0.0, '1783': 0.0, '872': 0.0, '2063': 0.0, '41': 0.0}","{'281': 0.0015741188440239894, '1783': 0.0015675688059599868, '872': 0.0015019186154572059, '2063': 0.0015532123579895807, '41': 0.0015245230213239199}"
2,Y2,18,"{'281': 0.0, '1783': 0.0, '872': 0.0, '2063': 0.0, '41': 0.0}","{'281': 0.0015383423261663806, '1783': 0.0015100102369806679, '872': 0.0014666897574441803, '2063': 0.0015302722184956825, '41': 0.0015057130583101643}"
2,Y2,19,"{'281': 0.0, '1783': 0.0, '872': 0.0, '2063': 0.0, '41': 0.0}","{'281': 0.00142396604189402, '1783': 0.0013812626199157772, '872': 0.0013572023494456229, '2063': 0.0014244958335996618, '41': 0.0014061714331831277}"
2,Y2,20,"{'281': 0.0, '1783': 0.0, '872': 0.0, '2063': 0.0, '41': 0.0}","{'281': 0.0012848334891410139, '1783': 0.0012360282668633356, '872': 0.0012247334293092322, '2063': 0.0012886072844345499, '41': 0.0012768043806670923}"
2,Y2,21,"{'281': 0.0, '1783': 0.0, '872': 0.0, '2063': 0.0, '41': 0.0}","{'281': 0.0011509787526202014, '1783': 0.0011018072795088121, '872': 0.0010976195975452834, '2063': 0.0011543556686644104, '41': 0.0011481500134719398}"
2,Y2,22,"{'281': 0.0, '1783': 0.0, '872': 0.0, '2063': 0.0, '41': 0.0}","{'281': 0.0010340205207092499, '1783': 0.00098724893980555177, '872': 0.00098665195782582631, '2063': 0.0010354565329586758, '41': 0.0010335108172953166}"
2,Y2,23,"{'281': 0.0, '1783': 0.0, '872': 0.0, '2063': 0.0, '41': 0.0}","{'281': 0.00093568941606788042, '1783': 0.00089215785426923985, '872': 0.0008933311784095774, '2063': 0.00093503264598320413, '41': 0.00093607701221532901}"
2,Y2,24,"{'281': 0.0, '1783': 0.0, '872': 0.0, '2063': 0.0, '41': 0.0}","{'281': 0.00085337753359014548, '1783': 0.00081305355758299041, '872': 0.00081514248559811037, '2063': 0.00085104995276655531, '41': 0.00085407825223688153}"
2,Y2,25,"{'281': 0.0, '1783': 0.0, '872': 0.0, '2063': 0.0, '41': 0.0}","{'281': 0.00078397771405301132, '1783': 0.00074657359902144708, '872': 0.00074916550851654657, '2063': 0.00078049452582246777, '41': 0.0007847851325483231}"
Scan_4
4,X4,1,"{'281': -0.00085241824807519588, '1783': -0.0008111410995597704, '872': -0.00081568894894730589, '2063': -0.00084134139994461671, '41': -0.00085778555012427969}","{'281': 0.0, '1783': 0.0, '872': 0.0, '2063': 0.0, '41': 0.0}"
4,X4,2,"{'281': -0.00093041523339791859, '1783': -0.00088563043952779523, '872': -0.00089011264150195603, '2063': -0.00091855791092907357, '41': -0.00093680856840115028}","{'281': 0.0, '1783': 0.0, '872': 0.0, '2063': 0.0, '41': 0.0}"
4,X4,3,"{'281': -0.0010235520041403585, '1783': -0.00097462047022985965, '872': -0.00097885073401464732, '2063': -0.0010108379890505876, '41': -0.0010308906250992859}","{'281': 0.0, '1783': 0.0, '872': 0.0, '2063': 0.0, '41': 0.0}"
4,X4,4,"{'281': -0.0011350414091459724, '1783': -0.0010811535034226675, '872': -0.0010847841709642765, '2063': -0.001121404787385989, '41': -0.0011425291405491058}","{'281': 0.0, '1783': 0.0, '872': 0.0, '2063': 0.0, '41': 0.0}"
4,X4,5,"{'281': -0.0012662572642651586, '1783': -0.0012064441952770683, '872': -0.001208861743742848, '2063': -0.0012516596628105109, '41': -0.0012715620388028524}","{'281': 0.0, '1783': 0.0, '872': 0.0, '2063': 0.0, '41': 0.0}"
4,X4,6,"{'281': -0.0014132264418259522, '1783': -0.0013464819885860302, '872': -0.0013467829563877088, '2063': -0.0013976911935570239, '41': -0.0014116322463928804}","{'281': 0.0, '1783': 0.0, '872': 0.0, '2063': 0.0, '41': 0.0}"
4,X4,7,"{'281': -0.0015594285802793264, '1783': -0.0014852236992852156, '872': -0.0014823268610587457, '2063': -0.0015431199582476042, '41': -0.0015438595209836762}","{'281': 0.0, '1783': 0.0, '872': 0.0, '2063': 0.0, '41': 0.0}"
4,X4,8,"{'281': -0.0016691920708242955, '1783': -0.0015885323587061686, '872': -0.0015815826727826666, '2063': -0.0016525505721558555, '41': -0.0016325001030317928}","{'281': 0.0, '1783': 0.0, '872': 0.0, '2063': 0.0, '41': 0.0}"
4,X4,9,"{'281': -0.0016857739065040747, '1783': -0.0016025675548725312, '872': -0.0015916442153391692, '2063': -0.001669637817084809, '41': -0.00162563452448315}","{'281': 0.0, '1783': 0.0, '872': 0.0, '2063': 0.0, '41': 0.0}"
4,X4,10,"{'281': -0.0015446088494357054, '1783': -0.001466622158690499, '872': -0.0014534062705214526, '2063': -0.00153027749889533, '41': -0.0014688666940407861}","{'281': 0.0, '1783': 0.0, '872': 0.0, '2063': 0.0, '41': 0.0}"
4,X4,11,"{'281': -0.001200742242467872, '1783': -0.0011389215537319028, '872': -0.0011266826953975197, '2063': -0.0011898367204731472, '41': -0.001128587815667883}","{'281': 0.0, '1783': 0.0, '872': 0.0, '2063': 0.0, '41': 0.0}"
4,X4,12,"{'281': -0.00066113833759137426, '1783': -0.00062665274372563577, '872': -0.00061922820998057751, '2063': -0.00065520808337939367, '41': -0.00061662715765601532}","{'281': 0.0, '1783': 0.0, '872': 0.0, '2063': 0.0, '41': 0.0}"
4,X4,13,"{'281': 0.0, '1783': 0.0, '872': 0.0, '2063': 0.0, '41': 0.0}","{'281': 0.0, '1783': 0.0, '872': 0.0, '2063': 0.0, '41': 0.0}"
4,X4,14,"{'281': 0.00066107448469968858, '1783': 0.00062658836958511422, '872': 0.00061917583901191899, '2063': 0.00065514350958832364, '41': 0.00061657623393155856}","{'281': 0.0, '1783': 0.0, '872': 0.0, '2063': 0.0, '41': 0.0}"
4,X4,15,"{'281': 0.0012004941913856583, '1783': 0.0011386922156514444, '872': 0.001126471977030803, '2063': 0.0011895881038501846, '41': 0.0011283908078377472}","{'281': 0.0, '1783': 0.0, '872': 0.0, '2063': 0.0, '41': 0.0}"
4,X4,16,"{'281': 0.0015440578669377327, '1783': 0.0014661340487245997, '872': 0.0014529264577768368, '2063': 0.0015297147513652677, '41': 0.0014684191779090025}","{'281': 0.0, '1783': 0.0, '872': 0.0, '2063': 0.0, '41': 0.0}"
4,X4,17,"{'281': 0.0016850634575504714, '1783': 0.0016019431928604173, '872': 0.0015910343248084528, '2063': 0.0016689028790541148, '41': 0.0016250636950423001}","{'281': 0.0, '1783': 0.0, '872': 0.0, '2063': 0.0, '41': 0.0}"
4,X4,18,"{'281': 0.001668397085005908, '1783': 0.0015878381311633001, '872': 0.0015808997317236203, '2063': 0.0016517190990545157, '41': 0.0016318679849576414}","{'281': 0.0, '1783': 0.0, '872': 0.0, '2063': 0.0, '41': 0.0}"
4,X4,19,"{'281': 0.001558605268730295, '1783': 0.0014845138224163794, '872': 0.0014816316910321499, '2063': 0.0015422626968647859, '41': 0.0015432161987472986}","{'281': 0.0, '1783': 0.0, '872': 0.0, '2063': 0.0, '41': 0.0}"
4,X4,20,"{'281': 0.0014124178953486899, '1783': 0.0013457770464814218, '872': 0.001346103163230966, '2063': 0.0013968451294370484, '41': 0.00141100063339704}","{'281': 0.0, '1783': 0.0, '872': 0.0, '2063': 0.0, '41': 0.0}"
4,X4,21,"{'281': 0.0012654504368668504, '1783': 0.0012057512692009835, '872': 0.0012081850828319746, '2063': 0.0012508302144031895, '41': 0.0012709303217538358}","{'281': 0.0, '1783': 0.0, '872': 0.0, '2063': 0.0, '41': 0.0}"
4,X4,22,"{'281': 0.0011341848498770046, '1783': 0.001080416910634024, '872': 0.0010840592017275364, '2063': 0.0011205315031369396, '41': 0.0011418464139463019}","{'281': 0.0, '1783': 0.0, '872': 0.0, '2063': 0.0, '41': 0.0}"
4,X4,23,"{'281': 0.0010227359172768615, '1783': 0.00097391146708287254, '872': 0.00097816609649512844, '2063': 0.0010100002966613019, '41': 0.0010302387990581688}","{'281': 0.0, '1783': 0.0, '872': 0.0, '2063': 0.0, '41': 0.0}"
4,X4,24,"{'281': 0.00092966379987016246, '1783': 0.00088497530682484144, '872': 0.00088947800375488559, '2063': 0.00091778628144504335, '41': 0.00093620632415850166}","{'281': 0.0, '1783': 0.0, '872': 0.0, '2063': 0.0, '41': 0.0}"
4,X4,25,"{'281': 0.00085163126234167491, '1783': 0.00081044616561796578, '872': 0.00081500132356824586, '2063': 0.00084053012644795771, '41': 0.0008571364927062304}","{'281': 0.0, '1783': 0.0, '872': 0.0, '2063': 0.0, '41': 0.0}"
Scan_3
3,Y3,1,"{'281': 0.0, '1783': 0.0, '872': 0.0, '2063': 0.0, '41': 0.0}","{'281': -0.00078887458207513046, '1783': -0.00074818847852546426, '872': -0.00075633236987507878, '2063': -0.00077659639975852495, '41': -0.00078716574880425985}"
3,Y3,2,"{'281': 0.0, '1783': 0.0, '872': 0.0, '2063': 0.0, '41': 0.0}","{'281': -0.00085964792724566963, '1783': -0.00081509202946490394, '872': -0.00082428547480774337, '2063': -0.00084608643913058282, '41': -0.00085713910396586113}"
3,Y3,3,"{'281': 0.0, '1783': 0.0, '872': 0.0, '2063': 0.0, '41': 0.0}","{'281': -0.00094405653749873582, '1783': -0.00089487670056694448, '872': -0.00090527924054550196, '2063': -0.00092898414333379578, '41': -0.00094035096343838935}"
3,Y3,4,"{'281': 0.0, '1783': 0.0, '872': 0.0, '2063': 0.0, '41': 0.0}","{'281': -0.0010451362463850743, '1783': -0.00099045538787207376, '872': -0.0010020164227667972, '2063': -0.0010283396424688059, '41': -0.0010395682044269873}"
3,Y3,5,"{'281': 0.0, '1783': 0.0, '872': 0.0, '2063': 0.0, '41': 0.0}","{'281': -0.0011652831103541237, '1783': -0.0011043190798477093, '872': -0.0011163042850745872, '2063': -0.0011467967826832572, '41': -0.0011567231917145805}"
3,Y3,6,"{'281': 0.0, '1783': 0.0, '872': 0.0, '2063': 0.0, '41': 0.0}","{'281': -0.0013027938739539838, '1783': -0.0012353121922865022, '872': -0.0012456100994489485, '2063': -0.0012832791088366964, '41': -0.0012895142377555057}"
3,Y3,7,"{'281': 0.0, '1783': 0.0, '872': 0.0, '2063': 0.0, '41': 0.0}","{'281': -0.0014455314141347164, '1783': -0.0013725906680738397, '872': -0.0013772063604382463, '2063': -0.0014266183889061596, '41': -0.0014253063264543981}"
3,Y3,8,"{'281': 0.0, '1783': 0.0, '872': 0.0, '2063': 0.0, '41': 0.0}","{'281': -0.0015617884295730008, '1783': -0.0014864955924062319, '872': -0.0014802808588749404, '2063': -0.0015460702398278348, '41': -0.0015327390428621838}"
3,Y3,9,"{'281': 0.0, '1783': 0.0, '872': 0.0, '2063': 0.0, '41': 0.0}","{'281': -0.0015970537827577479, '1783': -0.001524803433985258, '872': -0.0015041970124837008, '2063': -0.0015871592951684998, '41': -0.0015594416317025479}"
3,Y3,10,"{'281': 0.0, '1783': 0.0, '872': 0.0, '2063': 0.0, '41': 0.0}","{'281': -0.0014826299162808514, '1783': -0.0014203062163847062, '872': -0.0013874309190302512, '2063': -0.0014795123151865972, '41': -0.0014407922354348543}"
3,Y3,11,"{'281': 0.0, '1783': 0.0, '872': 0.0, '2063': 0.0, '41': 0.0}","{'281': -0.0011658409794632126, '1783': -0.0011201168979442398, '872': -0.0010849450076318985, '2063': -0.0011675651678629969, '41': -0.0011285150762578118}"
3,Y3,12,"{'281': 0.0, '1783': 0.0, '872': 0.0, '2063': 0.0, '41': 0.0}","{'281': -0.0006469340291799235, '1783': -0.00062280462249728378, '872': -0.00059981259944108924, '2063': -0.00064946955381002492, '41': -0.00062463169547759528}"
3,Y3,13,"{'281': 0.0, '1783': 0.0, '872': 0.0, '2063': 0.0, '41': 0.0}","{'281': 0.0, '1783': 0.0, '872': 0.0, '2063': 0.0, '41': 0.0}"
3,Y3,14,"{'281': 0.0, '1783': 0.0, '872': 0.0, '2063': 0.0, '41': 0.0}","{'281': 0.00064692677765944089, '1783': 0.00062279314290157161, '872': 0.00059979925222371016, '2063': 0.00064945997721506268, '41': 0.00062462793800531751}"
3,Y3,15,"{'281': 0.0, '1783': 0.0, '872': 0.0, '2063': 0.0, '41': 0.0}","{'281': 0.0011657547906421906, '1783': 0.0011200229477233582, '872': 0.001084854177946723, '2063': 0.0011674811676603255, '41': 0.0011284461222316679}"
3,Y3,16,"{'281': 0.0, '1783': 0.0, '872': 0.0, '2063': 0.0, '41': 0.0}","{'281': 0.0014824671336985515, '1783': 0.001420135983098497, '872': 0.0013872612851934575, '2063': 0.0014793474154272425, '41': 0.0014406626960567202}"
3,Y3,17,"{'281': 0.0, '1783': 0.0, '872': 0.0, '2063': 0.0, '41': 0.0}","{'281': 0.0015967134112698669, '1783': 0.0015244819280859395, '872': 0.001503873549357636, '2063': 0.0015868065436030129, '41': 0.0015591595956439116}"
3,Y3,18,"{'281': 0.0, '1783': 0.0, '872': 0.0, '2063': 0.0, '41': 0.0}","{'281': 0.0015616514276398071, '1783': 0.0014863777469978517, '872': 0.0014801569764930603, '2063': 0.001545927554756673, '41': 0.0015326573086867437}"
3,Y3,19,"{'281': 0.0, '1783': 0.0, '872': 0.0, '2063': 0.0, '41': 0.0}","{'281': 0.0014452816165272675, '1783': 0.0013723574223181278, '872': 0.0013769745880010985, '2063': 0.0014263634451517849, '41': 0.0014251124845973109}"
3,Y3,20,"{'281': 0.0, '1783': 0.0, '872': 0.0, '2063': 0.0, '41': 0.0}","{'281': 0.0013025152704941518, '1783': 0.0012350577150901381, '872': 0.0012453466785877722, '2063': 0.0012830000448753934, '41': 0.0012893028749919777}"
3,Y3,21,"{'281': 0.0, '1783': 0.0, '872': 0.0, '2063': 0.0, '41': 0.0}","{'281': 0.0011647967982975282, '1783': 0.0011038700378908849, '872': 0.0011158482250799265, '2063': 0.0011463225971357215, '41': 0.0011563139169835362}"
3,Y3,22,"{'281': 0.0, '1783': 0.0, '872': 0.0, '2063': 0.0, '41': 0.0}","{'281': 0.0010446113327480561, '1783': 0.00098995849617640962, '872': 0.0010015205170849212, '2063': 0.0010278077617853719, '41': 0.0010391163683902435}"
3,Y3,23,"{'281': 0.0, '1783': 0.0, '872': 0.0, '2063': 0.0, '41': 0.0}","{'281': 0.00094356731399847617, '1783': 0.00089442026755666329, '872': 0.00090481765088812382, '2063': 0.00092848798420077684, '41': 0.0009399355432423834}"
3,Y3,24,"{'281': 0.0, '1783': 0.0, '872': 0.0, '2063': 0.0, '41': 0.0}","{'281': 0.00085922755729800522, '1783': 0.00081471404186225164, '872': 0.00082389235524258937, '2063': 0.00084567418641759483, '41': 0.00085679241926367867}"
3,Y3,25,"{'281': 0.0, '1783': 0.0, '872': 0.0, '2063': 0.0, '41': 0.0}","{'281': 0.00078842662415635231, '1783': 0.00074777938516594348, '872': 0.00075590910630392717, '2063': 0.00077615104920794641, '41': 0.00078679278226097152}"
Scan_5
5,X5,1,"{'281': -0.001138220904626921, '1783': -0.0010854736784075697, '872': -0.001093791578243969, '2063': -0.0011375398271490421, '41': -0.0011444823711295254}","{'281': 0.0, '1783': 0.0, '872': 0.0, '2063': 0.0, '41': 0.0}"
5,X5,2,"{'281': -0.0012729096183199688, '1783': -0.0012140124601553511, '872': -0.0012226613230034943, '2063': -0.0012678471740947747, '41': -0.0012726087982033523}","{'281': 0.0, '1783': 0.0, '872': 0.0, '2063': 0.0, '41': 0.0}"
5,X5,3,"{'281': -0.0014258846043850059, '1783': -0.0013591171752315064, '872': -0.0013675162871742376, '2063': -0.0014078692922204099, '41': -0.0014094429709036788}","{'281': 0.0, '1783': 0.0, '872': 0.0, '2063': 0.0, '41': 0.0}"
5,X5,4,"{'281': -0.0015817027489324227, '1783': -0.0015053242330670515, '872': -0.0015124649133029207, '2063': -0.0015378484015953493, '41': -0.0015353704842062453}","{'281': 0.0, '1783': 0.0, '872': 0.0, '2063': 0.0, '41': 0.0}"
5,X5,5,"{'281': -0.0017044983242014624, '1783': -0.0016180450591179868, '872': -0.0016226791681607762, '2063': -0.0016218361090719711, '41': -0.0016149732224925652}","{'281': 0.0, '1783': 0.0, '872': 0.0, '2063': 0.0, '41': 0.0}"
5,X5,6,"{'281': -0.0017345847993869724, '1783': -0.0016412375029224587, '872': -0.0016424636736094302, '2063': -0.0016092905532085963, '41': -0.0015987521878305612}","{'281': 0.0, '1783': 0.0, '872': 0.0, '2063': 0.0, '41': 0.0}"
5,X5,7,"{'281': -0.0016009821748690502, '1783': -0.0015096355338397945, '872': -0.0015076718721986587, '2063': -0.0014484246627387445, '41': -0.0014362430836719045}","{'281': 0.0, '1783': 0.0, '872': 0.0, '2063': 0.0, '41': 0.0}"
5,X5,8,"{'281': -0.001251973626641143, '1783': -0.0011770287111894625, '872': -0.0011735028541755936, '2063': -0.0011089383180499788, '41': -0.0010981230280859879}","{'281': 0.0, '1783': 0.0, '872': 0.0, '2063': 0.0, '41': 0.0}"
5,X5,9,"{'281': -0.00069200611267135554, '1783': -0.00064928119767073311, '872': -0.000646611011314552, '2063': -0.00060440840263861143, '41': -0.00059802456219959282}","{'281': 0.0, '1783': 0.0, '872': 0.0, '2063': 0.0, '41': 0.0}"
5,X5,10,"{'281': 0.0, '1783': 0.0, '872': 0.0, '2063': 0.0, '41': 0.0}","{'281': 0.0, '1783': 0.0, '872': 0.0, '2063': 0.0, '41': 0.0}"
5,X5,11,"{'281': 0.00069201598685484386, '1783': 0.00064929622214991147, '872': 0.00064662893292494531, '2063': 0.00060442227566729256, '41': 0.00059804462410301509}","{'281': 0.0, '1783': 0.0, '872': 0.0, '2063': 0.0, '41': 0.0}"
5,X5,12,"{'281': 0.0012517394427445825, '1783': 0.0011768262493273554, '872': 0.0011733082021525619, '2063': 0.0011087335304992513, '41': 0.0010979483010534951}","{'281': 0.0, '1783': 0.0, '872': 0.0, '2063': 0.0, '41': 0.0}"
5,X5,13,"{'281': 0.0016003965610090405, '1783': 0.0015091179325141537, '872': 0.0015071638154394451, '2063': 0.0014478811495198518, '41': 0.001435785730782848}","{'281': 0.0, '1783': 0.0, '872': 0.0, '2063': 0.0, '41': 0.0}"
5,X5,14,"{'281': 0.0017337421076328865, '1783': 0.0016405006528058723, '872': 0.0016417598916189892, '2063': 0.0016084865087009747, '41': 0.0015981034036554238}","{'281': 0.0, '1783': 0.0, '872': 0.0, '2063': 0.0, '41': 0.0}"
5,X5,15,"{'281': 0.0017034412824152765, '1783': 0.001617130510751684, '872': 0.0016217878747646064, '2063': 0.0016208078502096641, '41': 0.0016141306019679766}","{'281': 0.0, '1783': 0.0, '872': 0.0, '2063': 0.0, '41': 0.0}"
5,X5,16,"{'281': 0.0015806785955020711, '1783': 0.0015044392127565415, '872': 0.0015116009872230465, '2063': 0.0015368088588994745, '41': 0.0015345713981437367}","{'281': 0.0, '1783': 0.0, '872': 0.0, '2063': 0.0, '41': 0.0}"
5,X5,17,"{'281': 0.0014247126230650436, '1783': 0.0013581149833084612, '872': 0.0013665422904261355, '2063': 0.0014066587243381861, '41': 0.0014085179698157826}","{'281': 0.0, '1783': 0.0, '872': 0.0, '2063': 0.0, '41': 0.0}"
5,X5,18,"{'281': 0.0012716127974550281, '1783': 0.0012128974588542158, '872': 0.0012215780398433834, '2063': 0.0012665030929660975, '41': 0.0012715482119942884}","{'281': 0.0, '1783': 0.0, '872': 0.0, '2063': 0.0, '41': 0.0}"
5,X5,19,"{'281': 0.0011371379120701497, '1783': 0.0010845564947740366, '872': 0.0010928995867516631, '2063': 0.001136401421449144, '41': 0.001143619132835652}","{'281': 0.0, '1783': 0.0, '872': 0.0, '2063': 0.0, '41': 0.0}"
Scan_6
6,Y6,1,"{'281': 0.0, '1783': 0.0, '872': 0.0, '2063': 0.0, '41': 0.0}","{'281': -0.0010375266068069376, '1783': -0.00098232918939204078, '872': -0.00099071345732196312, '2063': -0.0010057544422940672, '41': -0.0010307351465285272}"
6,Y6,2,"{'281': 0.0, '1783': 0.0, '872': 0.0, '2063': 0.0, '41': 0.0}","{'281': -0.0011583846354696196, '1783': -0.001096318570814057, '872': -0.0011053788195291652, '2063': -0.0011192926140482209, '41': -0.0011461001153867034}"
6,Y6,3,"{'281': 0.0, '1783': 0.0, '872': 0.0, '2063': 0.0, '41': 0.0}","{'281': -0.0013001524295730372, '1783': -0.0012305321243594512, '872': -0.0012398047030045213, '2063': -0.0012519241916482912, '41': -0.0012770871841016002}"
6,Y6,4,"{'281': 0.0, '1783': 0.0, '872': 0.0, '2063': 0.0, '41': 0.0}","{'281': -0.0014532373507270479, '1783': -0.0013766220370721768, '872': -0.0013849874377067164, '2063': -0.0013948554867600552, '41': -0.001411018647605379}"
6,Y6,5,"{'281': 0.0, '1783': 0.0, '872': 0.0, '2063': 0.0, '41': 0.0}","{'281': -0.0015881800147435267, '1783': -0.00150743884523511, '872': -0.0015130748613560745, '2063': -0.0015207793248829366, '41': -0.0015174408154086888}"
6,Y6,6,"{'281': 0.0, '1783': 0.0, '872': 0.0, '2063': 0.0, '41': 0.0}","{'281': -0.0016474004675064767, '1783': -0.0015682978176906654, '872': -0.001569406648757207, '2063': -0.0015755795174974762, '41': -0.0015442038146631244}"
6,Y6,7,"{'281': 0.0, '1783': 0.0, '872': 0.0, '2063': 0.0, '41': 0.0}","{'281': -0.0015530459309040813, '1783': -0.0014835287020058565, '872': -0.0014797896265152097, '2063': -0.0014850804399472765, '41': -0.0014277822556055678}"
6,Y6,8,"{'281': 0.0, '1783': 0.0, '872': 0.0, '2063': 0.0, '41': 0.0}","{'281': -0.0012374086719556634, '1783': -0.0011857225503103478, '872': -0.0011793701832645657, '2063': -0.0011837752693154688, '41': -0.0011189313369099616}"
6,Y6,9,"{'281': 0.0, '1783': 0.0, '872': 0.0, '2063': 0.0, '41': 0.0}","{'281': -0.00069292445406763205, '1783': -0.00066542410948820189, '872': -0.00066058161180853432, '2063': -0.00066323246889041525, '41': -0.00061970045526487066}"
6,Y6,10,"{'281': 0.0, '1783': 0.0, '872': 0.0, '2063': 0.0, '41': 0.0}","{'281': 0.0, '1783': 0.0, '872': 0.0, '2063': 0.0, '41': 0.0}"
6,Y6,11,"{'281': 0.0, '1783': 0.0, '872': 0.0, '2063': 0.0, '41': 0.0}","{'281': 0.00069279617350571877, '1783': 0.00066531659948391672, '872': 0.00066047339838363041, '2063': 0.00066310649072667707, '41': 0.00061960111214917559}"
6,Y6,12,"{'281': 0.0, '1783': 0.0, '872': 0.0, '2063': 0.0, '41': 0.0}","{'281': 0.0012371309937516549, '1783': 0.0011854980846198566, '872': 0.0011791509393506896, '2063': 0.0011835066847155011, '41': 0.0011187250438437029}"
6,Y6,13,"{'281': 0.0, '1783': 0.0, '872': 0.0, '2063': 0.0, '41': 0.0}","{'281': 0.001552399721879484, '1783': 0.0014829803972903229, '872': 0.0014792473133430318, '2063': 0.0014844666732756605, '41': 0.0014272620174326774}"
6,Y6,14,"{'281': 0.0, '1783': 0.0, '872': 0.0, '2063': 0.0, '41': 0.0}","{'281': 0.0016467140956168669, '1783': 0.0015677309899014213, '872': 0.0015688525503904152, '2063': 0.0015749194599631684, '41': 0.0015436666386829004}"
6,Y6,15,"{'281': 0.0, '1783': 0.0, '872': 0.0, '2063': 0.0, '41': 0.0}","{'281': 0.00158713627903184, '1783': 0.0015065550039532747, '872': 0.0015121884808151234, '2063': 0.0015197775811651409, '41': 0.0015165800107519414}"
6,Y6,16,"{'281': 0.0, '1783': 0.0, '872': 0.0, '2063': 0.0, '41': 0.0}","{'281': 0.0014521532049844371, '1783': 0.0013757251865067187, '872': 0.0013840756986774386, '2063': 0.0013938347972908742, '41': 0.0014101244943954892}"
6,Y6,17,"{'281': 0.0, '1783': 0.0, '872': 0.0, '2063': 0.0, '41': 0.0}","{'281': 0.0012990541591261081, '1783': 0.0012296120758034535, '872': 0.0012388870547570506, '2063': 0.0012508840136854769, '41': 0.0012761571185703048}"
6,Y6,18,"{'281': 0.0, '1783': 0.0, '872': 0.0, '2063': 0.0, '41': 0.0}","{'281': 0.0011573913376848515, '1783': 0.0010954848721138216, '872': 0.0011045488877855182, '2063': 0.0011183334305515512, '41': 0.0011452605263912057}"
6,Y6,19,"{'281': 0.0, '1783': 0.0, '872': 0.0, '2063': 0.0, '41': 0.0}","{'281': 0.0010364615930894393, '1783': 0.0009814192213327467, '872': 0.0009898072329523513, '2063': 0.0010047151275952384, '41': 0.0010298094010018004}"
Scan_7
7,X7,1,"{'281': 0.0011273344539194912, '1783': 0.0010867665604856601, '872': 0.0011072383994838195, '2063': 0.0011380202380258902, '41': 0.0011440794374609766}","{'281': 0.0, '1783': 0.0, '872': 0.0, '2063': 0.0, '41': 0.0}"
7,X7,2,"{'281': 0.001257069102226597, '1783': 0.001216297869355333, '872': 0.0012327996158246518, '2063': 0.0012677240041573891, '41': 0.0012653199734814385}","{'281': 0.0, '1783': 0.0, '872': 0.0, '2063': 0.0, '41': 0.0}"
7,X7,3,"{'281': 0.0014017695677825653, '1783': 0.0013626268046449974, '872': 0.0013658650430349462, '2063': 0.0014058903205232975, '41': 0.0013885027091471408}","{'281': 0.0, '1783': 0.0, '872': 0.0, '2063': 0.0, '41': 0.0}"
7,X7,4,"{'281': 0.001544972725094353, '1783': 0.0015100898683146383, '872': 0.0014865653016130599, '2063': 0.0015322947650038951, '41': 0.0014926777764648622}","{'281': 0.0, '1783': 0.0, '872': 0.0, '2063': 0.0, '41': 0.0}"
7,X7,5,"{'281': 0.0016510744698028997, '1783': 0.0016233740389391535, '872': 0.0015598944510108459, '2063': 0.0016107565338837992, '41': 0.0015442952837632191}","{'281': 0.0, '1783': 0.0, '872': 0.0, '2063': 0.0, '41': 0.0}"
7,X7,6,"{'281': 0.0016644618005432082, '1783': 0.0016460665316707286, '872': 0.0015388095542242649, '2063': 0.0015920701533833209, '41': 0.0015014773725810836}","{'281': 0.0, '1783': 0.0, '872': 0.0, '2063': 0.0, '41': 0.0}"
7,X7,7,"{'281': 0.0015224718962726764, '1783': 0.0015133628656950214, '872': 0.001377233061657141, '2063': 0.0014275419594709912, '41': 0.0013261232399679533}","{'281': 0.0, '1783': 0.0, '872': 0.0, '2063': 0.0, '41': 0.0}"
7,X7,8,"{'281': 0.0011819185629100787, '1783': 0.001179475059881834, '872': 0.0010496679645303115, '2063': 0.0010896791619551115, '41': 0.001000110381524563}","{'281': 0.0, '1783': 0.0, '872': 0.0, '2063': 0.0, '41': 0.0}"
7,X7,9,"{'281': 0.00065016924928054535, '1783': 0.0006504332974975553, '872': 0.00057040474739264901, '2063': 0.00059273747676152802, '41': 0.00053981127320059448}","{'281': 0.0, '1783': 0.0, '872': 0.0, '2063': 0.0, '41': 0.0}"
7,X7,10,"{'281': 0.0, '1783': 0.0, '872': 0.0, '2063': 0.0, '41': 0.0}","{'281': 0.0, '1783': 0.0, '872': 0.0, '2063': 0.0, '41': 0.0}"
7,X7,11,"{'281': -0.00065012469372804872, '1783': -0.00065039376914207358, '872': -0.00057037063514011482, '2063': -0.00059269040235248791, '41': -0.00053978157971782846}","{'281': 0.0, '1783': 0.0, '872': 0.0, '2063': 0.0, '41': 0.0}"
7,X7,12,"{'281': -0.0011816217062405041, '1783': -0.0011792025656878634, '872': -0.0010494279870251278, '2063': -0.0010893983557939549, '41': -0.00099989237399897052}","{'281': 0.0, '1783': 0.0, '872': 0.0, '2063': 0.0, '41': 0.0}"
7,X7,13,"{'281': -0.0015219672419969868, '1783': -0.0015128951864554695, '872': -0.0013768280601462359, '2063': -0.0014270537076838314, '41': -0.0013257599356096582}","{'281': 0.0, '1783': 0.0, '872': 0.0, '2063': 0.0, '41': 0.0}"
7,X7,14,"{'281': -0.0016634702798371686, '1783': -0.0016451916202203643, '872': -0.001538006554187391, '2063': -0.0015910786095762737, '41': -0.00150072445273688}","{'281': 0.0, '1783': 0.0, '872': 0.0, '2063': 0.0, '41': 0.0}"
7,X7,15,"{'281': -0.0016495345146092437, '1783': -0.0016220208157977564, '872': -0.0015586171186692753, '2063': -0.0016091942737378755, '41': -0.0015430514084244695}","{'281': 0.0, '1783': 0.0, '872': 0.0, '2063': 0.0, '41': 0.0}"
7,X7,16,"{'281': -0.0015434470445955055, '1783': -0.0015087555857712506, '872': -0.0014852993022482423, '2063': -0.0015307085770122689, '41': -0.0014914150163329808}","{'281': 0.0, '1783': 0.0, '872': 0.0, '2063': 0.0, '41': 0.0}"
7,X7,17,"{'281': -0.0014002197145240927, '1783': -0.0013612865139992119, '872': -0.0013645631303930775, '2063': -0.0014042608147814459, '41': -0.0013871911315673187}","{'281': 0.0, '1783': 0.0, '872': 0.0, '2063': 0.0, '41': 0.0}"
7,X7,18,"{'281': -0.0012554883050476149, '1783': -0.0012149319983295222, '872': -0.0012314515707611373, '2063': -0.001266055144159881, '41': -0.0012639533173872586}","{'281': 0.0, '1783': 0.0, '872': 0.0, '2063': 0.0, '41': 0.0}"
7,X7,19,"{'281': -0.001125851893451935, '1783': -0.0010854943288853883, '872': -0.0011059824049156561, '2063': -0.0011364587431839837, '41': -0.001142784913108461}","{'281': 0.0, '1783': 0.0, '872': 0.0, '2063': 0.0, '41': 0.0}"
Scan_8
8,Y8,1,"{'281': 0.0, '1783': 0.0, '872': 0.0, '2063': 0.0, '41': 0.0}","{'281': 0.0010370454171140283, '1783': 0.00097578741519421721, '872': 0.00096990476372401594, '2063': 0.00099810702941099667, '41': 0.0010182700188525132}"
8,Y8,2,"{'281': 0.0, '1783': 0.0, '872': 0.0, '2063': 0.0, '41': 0.0}","{'281': 0.0011559181098915023, '1783': 0.0010889967999604547, '872': 0.0010786406243262741, '2063': 0.0011102939621168396, '41': 0.0011288180156075525}"
8,Y8,3,"{'281': 0.0, '1783': 0.0, '872': 0.0, '2063': 0.0, '41': 0.0}","{'281': 0.0012912276445746569, '1783': 0.0012232507008286015, '872': 0.0012057098305081242, '2063': 0.0012415812588405938, '41': 0.0012517140009693027}"
8,Y8,4,"{'281': 0.0, '1783': 0.0, '872': 0.0, '2063': 0.0, '41': 0.0}","{'281': 0.0014300819977562643, '1783': 0.0013718544587623979, '872': 0.0013432990007940947, '2063': 0.0013840717714296168, '41': 0.0013734169614588328}"
8,Y8,5,"{'281': 0.0, '1783': 0.0, '872': 0.0, '2063': 0.0, '41': 0.0}","{'281': 0.0015410782942728294, '1783': 0.0015092842847482296, '872': 0.001465754972109034, '2063': 0.001511416648693281, '41': 0.0014639900149920459}"
8,Y8,6,"{'281': 0.0, '1783': 0.0, '872': 0.0, '2063': 0.0, '41': 0.0}","{'281': 0.0015708380987814376, '1783': 0.0015809163286350954, '872': 0.0015213265195177647, '2063': 0.0015701539438244881, '41': 0.0014753574568997366}"
8,Y8,7,"{'281': 0.0, '1783': 0.0, '872': 0.0, '2063': 0.0, '41': 0.0}","{'281': 0.0014534777103589458, '1783': 0.0015063887673408404, '872': 0.0014367807246916918, '2063': 0.0014842680959782136, '41': 0.0013507753279980209}"
8,Y8,8,"{'281': 0.0, '1783': 0.0, '872': 0.0, '2063': 0.0, '41': 0.0}","{'281': 0.0011396942055971818, '1783': 0.0012122457698541095, '872': 0.0011477448318434069, '2063': 0.0011866139787534773, '41': 0.0010501962364959719}"
8,Y8,9,"{'281': 0.0, '1783': 0.0, '872': 0.0, '2063': 0.0, '41': 0.0}","{'281': 0.00063125501742038214, '1783': 0.00068343109630937581, '872': 0.00064395315830792792, '2063': 0.00066609360540745841, '41': 0.00057851078853322208}"
8,Y8,10,"{'281': 0.0, '1783': 0.0, '872': 0.0, '2063': 0.0, '41': 0.0}","{'281': 0.0, '1783': 0.0, '872': 0.0, '2063': 0.0, '41': 0.0}"
8,Y8,11,"{'281': 0.0, '1783': 0.0, '872': 0.0, '2063': 0.0, '41': 0.0}","{'281': -0.00063119759722587369, '1783': -0.00068339003171159535, '872': -0.00064391369222297737, '2063': -0.00066602917336645428, '41': -0.00057847019021889086}"
8,Y8,12,"{'281': 0.0, '1783': 0.0, '872': 0.0, '2063': 0.0, '41': 0.0}","{'281': -0.0011394749882571494, '1783': -0.0012120695082489244, '872': -0.0011475850847592203, '2063': -0.0011863668971349296, '41': -0.0010500397796555786}"
8,Y8,13,"{'281': 0.0, '1783': 0.0, '872': 0.0, '2063': 0.0, '41': 0.0}","{'281': -0.0014530923778287017, '1783': -0.0015060961371899282, '872': -0.0014365059073595545, '2063': -0.0014838671673548455, '41': -0.0013504995068799417}"
8,Y8,14,"{'281': 0.0, '1783': 0.0, '872': 0.0, '2063': 0.0, '41': 0.0}","{'281': -0.0015699444374402422, '1783': -0.0015801624764424094, '872': -0.0015206310944504704, '2063': -0.0015692599690561746, '41': -0.0014746431379954162}"
8,Y8,15,"{'281': 0.0, '1783': 0.0, '872': 0.0, '2063': 0.0, '41': 0.0}","{'281': -0.0015401413754374596, '1783': -0.0015085094866592343, '872': -0.0014650316185894558, '2063': -0.0015104794187004176, '41': -0.0014632365049219323}"
8,Y8,16,"{'281': 0.0, '1783': 0.0, '872': 0.0, '2063': 0.0, '41': 0.0}","{'281': -0.0014289067083180856, '1783': -0.0013708851938710115, '872': -0.0013423659133908587, '2063': -0.0013829315779275485, '41': -0.001372443499293754}"
8,Y8,17,"{'281': 0.0, '1783': 0.0, '872': 0.0, '2063': 0.0, '41': 0.0}","{'281': -0.0012900513236452161, '1783': -0.0012222894151032405, '872': -0.0012047876746289477, '2063': -0.0012404412753196441, '41': -0.0012507390777645208}"
8,Y8,18,"{'281': 0.0, '1783': 0.0, '872': 0.0, '2063': 0.0, '41': 0.0}","{'281': -0.0011546611296871154, '1783': -0.0010879616431060319, '872': -0.0010776367785357488, '2063': -0.0011090609513838543, '41': -0.0011277508855053596}"
8,Y8,19,"{'281': 0.0, '1783': 0.0, '872': 0.0, '2063': 0.0, '41': 0.0}","{'281': -0.0010359359946934235, '1783': -0.00097488287717637791, '872': -0.00096902378785182551, '2063': -0.00099700971333113123, '41': -0.0010173349865326769}"
Scan_9
9,X9,1,"{'281': -0.00084731624551309431, '1783': -0.00080661187949704013, '872': -0.00081729489243087766, '2063': -0.00083639189309829293, '41': -0.00084822303194567836}","{'281': 0.0, '1783': 0.0, '872': 0.0, '2063': 0.0, '41': 0.0}"
9,X9,2,"{'281': -0.00092596577139556109, '1783': -0.0008817471879903569, '872': -0.00089399714941605299, '2063': -0.00091435777635967498, '41': -0.0009264438302128775}","{'281': 0.0, '1783': 0.0, '872': 0.0, '2063': 0.0, '41': 0.0}"
9,X9,3,"{'281': -0.0010199180605672082, '1783': -0.00097173362264827269, '872': -0.00098553818841553599, '2063': -0.0010076326873257565, '41': -0.001019581824771239}","{'281': 0.0, '1783': 0.0, '872': 0.0, '2063': 0.0, '41': 0.0}"
9,X9,4,"{'281': -0.0011324845495986381, '1783': -0.0010800634467223742, '872': -0.0010946297658284167, '2063': -0.0011196165333653156, '41': -0.0011305477836220203}","{'281': 0.0, '1783': 0.0, '872': 0.0, '2063': 0.0, '41': 0.0}"
9,X9,5,"{'281': -0.0012648417850976896, '1783': -0.001208524363700235, '872': -0.00122133945922523, '2063': -0.0012516712714625781, '41': -0.0012598797774821988}","{'281': 0.0, '1783': 0.0, '872': 0.0, '2063': 0.0, '41': 0.0}"
9,X9,6,"{'281': -0.0014121079815555273, '1783': -0.0013534128502072714, '872': -0.0013592704499066528, '2063': -0.0013992183222947547, '41': -0.0014018947119091481}","{'281': 0.0, '1783': 0.0, '872': 0.0, '2063': 0.0, '41': 0.0}"
9,X9,7,"{'281': -0.0015570551600681433, '1783': -0.0014991114297632716, '872': -0.0014901140653605833, '2063': -0.0015453094237341204, '41': -0.0015387747601424294}","{'281': 0.0, '1783': 0.0, '872': 0.0, '2063': 0.0, '41': 0.0}"
9,X9,8,"{'281': -0.0016633332045733612, '1783': -0.0016107172495766747, '872': -0.0015787023450868707, '2063': -0.0016537641127251574, '41': -0.001634761230985793}","{'281': 0.0, '1783': 0.0, '872': 0.0, '2063': 0.0, '41': 0.0}"
9,X9,9,"{'281': -0.0016749299168914852, '1783': -0.0016323367549518197, '872': -0.0015742829439184219, '2063': -0.001668335633216255, '41': -0.0016364577876214854}","{'281': 0.0, '1783': 0.0, '872': 0.0, '2063': 0.0, '41': 0.0}"
9,X9,10,"{'281': -0.001529614474635883, '1783': -0.0014998970911125698, '872': -0.001423756061661494, '2063': -0.0015261107610904437, '41': -0.0014861817795471756}","{'281': 0.0, '1783': 0.0, '872': 0.0, '2063': 0.0, '41': 0.0}"
9,X9,11,"{'281': -0.001185438381486866, '1783': -0.0011683035502711204, '872': -0.0010943759604378723, '2063': -0.0011842741396704062, '41': -0.001146583153457768}","{'281': 0.0, '1783': 0.0, '872': 0.0, '2063': 0.0, '41': 0.0}"
9,X9,12,"{'281': -0.00065136478519896431, '1783': -0.00064407375991862141, '872': -0.0005980659324336965, '2063': -0.00065126828364562336, '41': -0.00062817208742513839}","{'281': 0.0, '1783': 0.0, '872': 0.0, '2063': 0.0, '41': 0.0}"
9,X9,13,"{'281': 0.0, '1783': 0.0, '872': 0.0, '2063': 0.0, '41': 0.0}","{'281': 0.0, '1783': 0.0, '872': 0.0, '2063': 0.0, '41': 0.0}"
9,X9,14,"{'281': 0.00065135722852060032, '1783': 0.00064407489450682214, '872': 0.00059805669361977058, '2063': 0.00065125434714686842, '41': 0.00062816860294192406}","{'281': 0.0, '1783': 0.0, '872': 0.0, '2063': 0.0, '41': 0.0}"
9,X9,15,"{'281': 0.0011853160973494428, '1783': 0.0011681945211747104, '872': 0.0010942804958947773, '2063': 0.0011841357157372676, '41': 0.0011464807100443404}","{'281': 0.0, '1783': 0.0, '872': 0.0, '2063': 0.0, '41': 0.0}"
9,X9,16,"{'281': 0.0015293279269267739, '1783': 0.0014996399543982459, '872': 0.0014235301664544729, '2063': 0.0015258055330262803, '41': 0.0014859343654465315}","{'281': 0.0, '1783': 0.0, '872': 0.0, '2063': 0.0, '41': 0.0}"
9,X9,17,"{'281': 0.0016744602973127601, '1783': 0.0016319092154979042, '872': 0.0015739045211852383, '2063': 0.0016678354452478654, '41': 0.0016360519019160589}","{'281': 0.0, '1783': 0.0, '872': 0.0, '2063': 0.0, '41': 0.0}"
9,X9,18,"{'281': 0.0016624918410216251, '1783': 0.0016099482040343198, '872': 0.0015779919766460387, '2063': 0.001652886684428066, '41': 0.0016339955971952681}","{'281': 0.0, '1783': 0.0, '872': 0.0, '2063': 0.0, '41': 0.0}"
9,X9,19,"{'281': 0.0015562594492531093, '1783': 0.0014984061630736545, '872': 0.001489436168760367, '2063': 0.0015444669312956497, '41': 0.0015380602754326404}","{'281': 0.0, '1783': 0.0, '872': 0.0, '2063': 0.0, '41': 0.0}"
9,X9,20,"{'281': 0.0014113003170313698, '1783': 0.0013526976054484276, '872': 0.0013585756260594876, '2063': 0.0013983531544036619, '41': 0.001401166920035676}","{'281': 0.0, '1783': 0.0, '872': 0.0, '2063': 0.0, '41': 0.0}"
9,X9,21,"{'281': 0.0012640455694258603, '1783': 0.0012078220934035088, '872': 0.0012206540460164691, '2063': 0.0012508314508709185, '41': 0.0012591657344457434}","{'281': 0.0, '1783': 0.0, '872': 0.0, '2063': 0.0, '41': 0.0}"
9,X9,22,"{'281': 0.0011317761584230333, '1783': 0.0010794323307962816, '872': 0.0010940204510964256, '2063': 0.0011188604598752741, '41': 0.0011299068411305666}","{'281': 0.0, '1783': 0.0, '872': 0.0, '2063': 0.0, '41': 0.0}"
9,X9,23,"{'281': 0.0010192494209539972, '1783': 0.00097113561569658327, '872': 0.00098496525261101411, '2063': 0.0010069243983882403, '41': 0.0010189696061355838}","{'281': 0.0, '1783': 0.0, '872': 0.0, '2063': 0.0, '41': 0.0}"
9,X9,24,"{'281': 0.00092525598802533835, '1783': 0.00088111336917456472, '872': 0.00089338377562597456, '2063': 0.00091362199338584449, '41': 0.00092579300007895361}","{'281': 0.0, '1783': 0.0, '872': 0.0, '2063': 0.0, '41': 0.0}"
9,X9,25,"{'281': 0.00084652339554967522, '1783': 0.00080589898646391813, '872': 0.00081660097528665364, '2063': 0.00083557674647126846, '41': 0.00084749133317844601}","{'281': 0.0, '1783': 0.0, '872': 0.0, '2063': 0.0, '41': 0.0}"
Scan_10
10,Y10,1,"{'281': 0.0, '1783': 0.0, '872': 0.0, '2063': 0.0, '41': 0.0}","{'281': -0.00077375763455750639, '1783': -0.00073511288654950916, '872': -0.00073830974699473759, '2063': -0.00076127983250669738, '41': -0.0007781935155704759}"
10,Y10,2,"{'281': 0.0, '1783': 0.0, '872': 0.0, '2063': 0.0, '41': 0.0}","{'281': -0.00084241274091112592, '1783': -0.00080022379780921439, '872': -0.00080310650111503699, '2063': -0.00082862012597057313, '41': -0.00084752438861751479}"
10,Y10,3,"{'281': 0.0, '1783': 0.0, '872': 0.0, '2063': 0.0, '41': 0.0}","{'281': -0.00092405701054041115, '1783': -0.00087768458801336185, '872': -0.00087998310155566956, '2063': -0.00090868496283491227, '41': -0.00092991929261571256}"
10,Y10,4,"{'281': 0.0, '1783': 0.0, '872': 0.0, '2063': 0.0, '41': 0.0}","{'281': -0.0010220351805002861, '1783': -0.00097085881083042061, '872': -0.00097206824271381018, '2063': -0.0010048686746160641, '41': -0.0010284247741395749}"
10,Y10,5,"{'281': 0.0, '1783': 0.0, '872': 0.0, '2063': 0.0, '41': 0.0}","{'281': -0.0011396524800095292, '1783': -0.0010834516942073488, '872': -0.0010826068109372154, '2063': -0.0011207993752005701, '41': -0.0011454679636784086}"
10,Y10,6,"{'281': 0.0, '1783': 0.0, '872': 0.0, '2063': 0.0, '41': 0.0}","{'281': -0.001276946506267824, '1783': -0.0012168165383171948, '872': -0.0012121034214461765, '2063': -0.0012573979549341235, '41': -0.0012792502472085475}"
10,Y10,7,"{'281': 0.0, '1783': 0.0, '872': 0.0, '2063': 0.0, '41': 0.0}","{'281': -0.0014243098289892409, '1783': -0.0013639033520964346, '872': -0.0013524114610131339, '2063': -0.0014066632932013938, '41': -0.0014175467327820659}"
10,Y10,8,"{'281': 0.0, '1783': 0.0, '872': 0.0, '2063': 0.0, '41': 0.0}","{'281': -0.0015530480516314866, '1783': -0.0014991096282960573, '872': -0.0014773917504780311, '2063': -0.0015415623492260621, '41': -0.0015299248937717363}"
10,Y10,9,"{'281': 0.0, '1783': 0.0, '872': 0.0, '2063': 0.0, '41': 0.0}","{'281': -0.0016074971732298988, '1783': -0.0015680837351686404, '872': -0.0015342762777016943, '2063': -0.0016064738875843619, '41': -0.0015630607512082837}"
10,Y10,10,"{'281': 0.0, '1783': 0.0, '872': 0.0, '2063': 0.0, '41': 0.0}","{'281': -0.001512158891584521, '1783': -0.001491992306190317, '872': -0.0014492543817854512, '2063': -0.0015224488985655748, '41': -0.0014502611214238538}"
10,Y10,11,"{'281': 0.0, '1783': 0.0, '872': 0.0, '2063': 0.0, '41': 0.0}","{'281': -0.0012029889786756901, '1783': -0.0011990115802679626, '872': -0.001157493594065276, '2063': -0.0012192149546373537, '41': -0.0011399627386779328}"
10,Y10,12,"{'281': 0.0, '1783': 0.0, '872': 0.0, '2063': 0.0, '41': 0.0}","{'281': -0.00067293137941404552, '1783': -0.00067535053082710332, '872': -0.00064928806186935082, '2063': -0.00068510769638480042, '41': -0.00063250578116098085}"
10,Y10,13,"{'281': 0.0, '1783': 0.0, '872': 0.0, '2063': 0.0, '41': 0.0}","{'281': 0.0, '1783': 0.0, '872': 0.0, '2063': 0.0, '41': 0.0}"
10,Y10,14,"{'281': 0.0, '1783': 0.0, '872': 0.0, '2063': 0.0, '41': 0.0}","{'281': 0.00067290297039750342, '1783': 0.00067531930178370227, '872': 0.00064925948233313601, '2063': 0.00068506731994966152, '41': 0.00063247478409602016}"
10,Y10,15,"{'281': 0.0, '1783': 0.0, '872': 0.0, '2063': 0.0, '41': 0.0}","{'281': 0.0012030715008636962, '1783': 0.0011990898190118102, '872': 0.0011575768699929032, '2063': 0.0012192850434070124, '41': 0.0011400321461435489}"
10,Y10,16,"{'281': 0.0, '1783': 0.0, '872': 0.0, '2063': 0.0, '41': 0.0}","{'281': 0.0015120462898889487, '1783': 0.0014918850570312839, '872': 0.0014491604878741295, '2063': 0.0015223291715338021, '41': 0.0014501527521746866}"
10,Y10,17,"{'281': 0.0, '1783': 0.0, '872': 0.0, '2063': 0.0, '41': 0.0}","{'281': 0.0016072933895919363, '1783': 0.00156789311670995, '872': 0.0015340923630201688, '2063': 0.0016062598441602489, '41': 0.0015628668205454901}"
10,Y10,18,"{'281': 0.0, '1783': 0.0, '872': 0.0, '2063': 0.0, '41': 0.0}","{'281': 0.0015527824307001511, '1783': 0.0014988628847838173, '872': 0.0014771529583393194, '2063': 0.0015413075126340238, '41': 0.0015296880206310806}"
10,Y10,19,"{'281': 0.0, '1783': 0.0, '872': 0.0, '2063': 0.0, '41': 0.0}","{'281': 0.0014241061249308999, '1783': 0.0013637138172593137, '872': 0.0013522406023783015, '2063': 0.0014064620766222585, '41': 0.0014173786287218681}"
10,Y10,20,"{'281': 0.0, '1783': 0.0, '872': 0.0, '2063': 0.0, '41': 0.0}","{'281': 0.0012767057388617246, '1783': 0.0012165939394159979, '872': 0.0012118873972952668, '2063': 0.0012571494378079136, '41': 0.0012790345501423083}"
10,Y10,21,"{'281': 0.0, '1783': 0.0, '872': 0.0, '2063': 0.0, '41': 0.0}","{'281': 0.001139408998597773, '1783': 0.0010832261813456191, '872': 0.0010823855101209899, '2063': 0.001120542700687029, '41': 0.0011452376450548194}"
10,Y10,22,"{'281': 0.0, '1783': 0.0, '872': 0.0, '2063': 0.0, '41': 0.0}","{'281': 0.0010217590597419463, '1783': 0.00097060264365443876, '872': 0.00097181428784637314, '2063': 0.0010045865726846465, '41': 0.0010281581171367662}"
10,Y10,23,"{'281': 0.0, '1783': 0.0, '872': 0.0, '2063': 0.0, '41': 0.0}","{'281': 0.00092368518303321894, '1783': 0.00087733891855655219, '872': 0.00087963900362075938, '2063': 0.00090830920950077008, '41': 0.00092956054471134955}"
10,Y10,24,"{'281': 0.0, '1783': 0.0, '872': 0.0, '2063': 0.0, '41': 0.0}","{'281': 0.00084202061148120613, '1783': 0.00079985590463585692, '872': 0.00080274429349728885, '2063': 0.0008282241526319132, '41': 0.00084714812474453278}"
10,Y10,25,"{'281': 0.0, '1783': 0.0, '872': 0.0, '2063': 0.0, '41': 0.0}","{'281': 0.00077337925443665342, '1783': 0.00073475881686643405, '872': 0.00073796032263428785, '2063': 0.00076089877074474763, '41': 0.00077783216276605877}"
Scan_11
11,X11,1,"{'281': -0.00083811817955062404, '1783': -0.00079829188442094036, '872': -0.00080772988579366702, '2063': -0.00082629010646915243, '41': -0.00084090558292752534}","{'281': 0.0, '1783': 0.0, '872': 0.0, '2063': 0.0, '41': 0.0}"
11,X11,2,"{'281': -0.00091695837196137918, '1783': -0.00087361235191451669, '872': -0.0008843307544636192, '2063': -0.00090433523844191371, '41': -0.00091982423046921594}","{'281': 0.0, '1783': 0.0, '872': 0.0, '2063': 0.0, '41': 0.0}"
11,X11,3,"{'281': -0.0010112323845087796, '1783': -0.00096392106603109266, '872': -0.00097610906966460445, '2063': -0.00099809499563927821, '41': -0.0010141267252966966}","{'281': 0.0, '1783': 0.0, '872': 0.0, '2063': 0.0, '41': 0.0}"
11,X11,4,"{'281': -0.0011234780826040601, '1783': -0.0010719839268166817, '872': -0.0010855829664872855, '2063': -0.0011107362600061199, '41': -0.0011262998011212604}","{'281': 0.0, '1783': 0.0, '872': 0.0, '2063': 0.0, '41': 0.0}"
11,X11,5,"{'281': -0.0012537171910552718, '1783': -0.0011983945757538712, '872': -0.0012127803456953318, '2063': -0.0012434316894783736, '41': -0.001256298337014346}","{'281': 0.0, '1783': 0.0, '872': 0.0, '2063': 0.0, '41': 0.0}"
11,X11,6,"{'281': -0.001395494096654517, '1783': -0.0013377413011426923, '872': -0.0013513529482350579, '2063': -0.0013913213085128562, '41': -0.0013975640146213434}","{'281': 0.0, '1783': 0.0, '872': 0.0, '2063': 0.0, '41': 0.0}"
11,X11,7,"{'281': -0.0015293470328122637, '1783': -0.0014719750741515507, '872': -0.0014822605521996103, '2063': -0.0015363292330976067, '41': -0.0015305891242811489}","{'281': 0.0, '1783': 0.0, '872': 0.0, '2063': 0.0, '41': 0.0}"
11,X11,8,"{'281': -0.0016197226750109103, '1783': -0.0015666819267895038, '872': -0.0015707896610362791, '2063': -0.0016425032549467341, '41': -0.0016198987135896627}","{'281': 0.0, '1783': 0.0, '872': 0.0, '2063': 0.0, '41': 0.0}"
11,X11,9,"{'281': -0.0016142389297684131, '1783': -0.0015697196933481701, '872': -0.0015659641594700524, '2063': -0.0016538006000248293, '41': -0.0016133314945686386}","{'281': 0.0, '1783': 0.0, '872': 0.0, '2063': 0.0, '41': 0.0}"
11,X11,10,"{'281': -0.0014590378074272566, '1783': -0.0014259257681136213, '872': -0.0014155105186732021, '2063': -0.0015093967796763544, '41': -0.0014573509334582921}","{'281': 0.0, '1783': 0.0, '872': 0.0, '2063': 0.0, '41': 0.0}"
11,X11,11,"{'281': -0.0011208028222329154, '1783': -0.0010998424546306996, '872': -0.0010873238691612892, '2063': -0.0011687235690606116, '41': -0.0011189890540013753}","{'281': 0.0, '1783': 0.0, '872': 0.0, '2063': 0.0, '41': 0.0}"
11,X11,12,"{'281': -0.00061226962390230496, '1783': -0.00060241317785882824, '872': -0.00059394221233112509, '2063': -0.00064175454167222923, '41': -0.00061110766128181528}","{'281': 0.0, '1783': 0.0, '872': 0.0, '2063': 0.0, '41': 0.0}"
11,X11,13,"{'281': 0.0, '1783': 0.0, '872': 0.0, '2063': 0.0, '41': 0.0}","{'281': 0.0, '1783': 0.0, '872': 0.0, '2063': 0.0, '41': 0.0}"
11,X11,14,"{'281': 0.00061224691521995895, '1783': 0.00060240031028227308, '872': 0.00059392014523125232, '2063': 0.00064173200362409647, '41': 0.00061108762585670453}","{'281': 0.0, '1783': 0.0, '872': 0.0, '2063': 0.0, '41': 0.0}"
11,X11,15,"{'281': 0.0011206833228673278, '1783': 0.0010997486955202686, '872': 0.0010872262211354233, '2063': 0.0011686015731796769, '41': 0.0011188864824011255}","{'281': 0.0, '1783': 0.0, '872': 0.0, '2063': 0.0, '41': 0.0}"
11,X11,16,"{'281': 0.0014587139935604064, '1783': 0.0014256507240087571, '872': 0.0014152446107745938, '2063': 0.0015090618307853174, '41': 0.0014570464715268181}","{'281': 0.0, '1783': 0.0, '872': 0.0, '2063': 0.0, '41': 0.0}"
11,X11,17,"{'281': 0.0016138961577060579, '1783': 0.0015694406035608229, '872': 0.0015656912672383045, '2063': 0.0016534332079861979, '41': 0.0016130166974850809}","{'281': 0.0, '1783': 0.0, '872': 0.0, '2063': 0.0, '41': 0.0}"
11,X11,18,"{'281': 0.0016191531130046166, '1783': 0.0015662109012152042, '872': 0.0015703240435084658, '2063': 0.0016419095227660741, '41': 0.0016193801585888692}","{'281': 0.0, '1783': 0.0, '872': 0.0, '2063': 0.0, '41': 0.0}"
11,X11,19,"{'281': 0.0015290080854111002, '1783': 0.0014717222766851821, '872': 0.0014820238747546358, '2063': 0.0015359725387204541, '41': 0.0015303057869228622}","{'281': 0.0, '1783': 0.0, '872': 0.0, '2063': 0.0, '41': 0.0}"
11,X11,20,"{'281': 0.0013948947407388234, '1783': 0.0013372487540275469, '872': 0.0013508610468980784, '2063': 0.0013907172015314767, '41': 0.001397018809341923}","{'281': 0.0, '1783': 0.0, '872': 0.0, '2063': 0.0, '41': 0.0}"
11,X11,21,"{'281': 0.0012532859934937428, '1783': 0.0011980507233117807, '872': 0.0012124386205192464, '2063': 0.0012429787446715777, '41': 0.0012559268735010431}","{'281': 0.0, '1783': 0.0, '872': 0.0, '2063': 0.0, '41': 0.0}"
11,X11,22,"{'281': 0.0011228975502066551, '1783': 0.0010714990973801715, '872': 0.0010850991190881759, '2063': 0.0011101514083194774, '41': 0.0011257849613128812}","{'281': 0.0, '1783': 0.0, '872': 0.0, '2063': 0.0, '41': 0.0}"
11,X11,23,"{'281': 0.0010107195231244201, '1783': 0.00096350571793314503, '872': 0.0009756989961917633, '2063': 0.00099758106802201856, '41': 0.0010136685604898226}","{'281': 0.0, '1783': 0.0, '872': 0.0, '2063': 0.0, '41': 0.0}"
11,X11,24,"{'281': 0.00091648061533954831, '1783': 0.00087321990629465559, '872': 0.00088394824040075287, '2063': 0.00090385129696940773, '41': 0.00091939235643081259}","{'281': 0.0, '1783': 0.0, '872': 0.0, '2063': 0.0, '41': 0.0}"
11,X11,25,"{'281': 0.00083758797264874257, '1783': 0.00079784512091436244, '872': 0.00080728307692478208, '2063': 0.00082574646414613302, '41': 0.00084041521446694373}","{'281': 0.0, '1783': 0.0, '872': 0.0, '2063': 0.0, '41': 0.0}"
Scan_12
12,Y12,1,"{'281': 0.0, '1783': 0.0, '872': 0.0, '2063': 0.0, '41': 0.0}","{'281': -0.00075534370209520132, '1783': -0.0007185806165740554, '872': -0.00072330119053478563, '2063': -0.0007436808212061887, '41': -0.00075916133561198401}"
12,Y12,2,"{'281': 0.0, '1783': 0.0, '872': 0.0, '2063': 0.0, '41': 0.0}","{'281': -0.00082148355299098213, '1783': -0.00078144000881192352, '872': -0.00078625111215926329, '2063': -0.00080873780506927862, '41': -0.00082574267138191336}"
12,Y12,3,"{'281': 0.0, '1783': 0.0, '872': 0.0, '2063': 0.0, '41': 0.0}","{'281': -0.00089987327066891212, '1783': -0.00085596255618200566, '872': -0.00086079270101645027, '2063': -0.00088588744582240051, '41': -0.0009046626434827986}"
12,Y12,4,"{'281': 0.0, '1783': 0.0, '872': 0.0, '2063': 0.0, '41': 0.0}","{'281': -0.00099388543177429483, '1783': -0.00094546932838875304, '872': -0.00095021658179077954, '2063': -0.00097865511981972612, '41': -0.000999265143414032}"
12,Y12,5,"{'281': 0.0, '1783': 0.0, '872': 0.0, '2063': 0.0, '41': 0.0}","{'281': -0.0011068052407699086, '1783': -0.0010534956031996007, '872': -0.0010580646821892171, '2063': -0.0010909641341063775, '41': -0.0011127009661552559}"
12,Y12,6,"{'281': 0.0, '1783': 0.0, '872': 0.0, '2063': 0.0, '41': 0.0}","{'281': -0.0012395593136858977, '1783': -0.0011819066540634604, '872': -0.0011863299334599958, '2063': -0.0012254577259830346, '41': -0.0012454841322321511}"
12,Y12,7,"{'281': 0.0, '1783': 0.0, '872': 0.0, '2063': 0.0, '41': 0.0}","{'281': -0.001384560585277173, '1783': -0.0013252043770841748, '872': -0.001329837320077556, '2063': -0.0013777576482942977, '41': -0.0013893184794472346}"
12,Y12,8,"{'281': 0.0, '1783': 0.0, '872': 0.0, '2063': 0.0, '41': 0.0}","{'281': -0.0015155005986568246, '1783': -0.0014599866216727412, '872': -0.0014656281640571555, '2063': -0.0015249996778147689, '41': -0.0015171160212008039}"
12,Y12,9,"{'281': 0.0, '1783': 0.0, '872': 0.0, '2063': 0.0, '41': 0.0}","{'281': -0.0015783326036878757, '1783': -0.0015340321567045613, '872': -0.0015415875348378091, '2063': -0.0016127668500318887, '41': -0.0015748943334268507}"
12,Y12,10,"{'281': 0.0, '1783': 0.0, '872': 0.0, '2063': 0.0, '41': 0.0}","{'281': -0.0014956360352760126, '1783': -0.0014679831312857884, '872': -0.001477470081358971, '2063': -0.0015546145209674772, '41': -0.0014870297333537355}"
12,Y12,11,"{'281': 0.0, '1783': 0.0, '872': 0.0, '2063': 0.0, '41': 0.0}","{'281': -0.0011981398933381242, '1783': -0.0011864190140737927, '872': -0.0011959554238194737, '2063': -0.0012647851904406102, '41': -0.0011874012508722024}"
12,Y12,12,"{'281': 0.0, '1783': 0.0, '872': 0.0, '2063': 0.0, '41': 0.0}","{'281': -0.00067341531479495618, '1783': -0.00067089824369773513, '872': -0.00067706481803926773, '2063': -0.00071850128131358828, '41': -0.0006658930259349459}"
12,Y12,13,"{'281': 0.0, '1783': 0.0, '872': 0.0, '2063': 0.0, '41': 0.0}","{'281': 0.0, '1783': 0.0, '872': 0.0, '2063': 0.0, '41': 0.0}"
12,Y12,14,"{'281': 0.0, '1783': 0.0, '872': 0.0, '2063': 0.0, '41': 0.0}","{'281': 0.00067339633426073881, '1783': 0.00067088656598543244, '872': 0.00067704797434874672, '2063': 0.0007184843532014076, '41': 0.00066587917345916714}"
12,Y12,15,"{'281': 0.0, '1783': 0.0, '872': 0.0, '2063': 0.0, '41': 0.0}","{'281': 0.0011979393646963121, '1783': 0.0011862445920369975, '872': 0.0011957721113809434, '2063': 0.0012645823859509574, '41': 0.0011872098790099636}"
12,Y12,16,"{'281': 0.0, '1783': 0.0, '872': 0.0, '2063': 0.0, '41': 0.0}","{'281': 0.0014952976231623497, '1783': 0.0014676930508780235, '872': 0.0014771687596186244, '2063': 0.001554271721482226, '41': 0.0014867144930745372}"
12,Y12,17,"{'281': 0.0, '1783': 0.0, '872': 0.0, '2063': 0.0, '41': 0.0}","{'281': 0.0015778340463610499, '1783': 0.0015335865873018853, '872': 0.0015411519058868414, '2063': 0.0016122557528278525, '41': 0.0015744305318229699}"
12,Y12,18,"{'281': 0.0, '1783': 0.0, '872': 0.0, '2063': 0.0, '41': 0.0}","{'281': 0.0015149759976113525, '1783': 0.0014595267773728517, '872': 0.0014651696651621631, '2063': 0.0015244600081941635, '41': 0.0015166131484429977}"
12,Y12,19,"{'281': 0.0, '1783': 0.0, '872': 0.0, '2063': 0.0, '41': 0.0}","{'281': 0.0013840089944268273, '1783': 0.0013247342332429273, '872': 0.0013293625032969186, '2063': 0.0013771972934506561, '41': 0.0013887827049182131}"
12,Y12,20,"{'281': 0.0, '1783': 0.0, '872': 0.0, '2063': 0.0, '41': 0.0}","{'281': 0.0012390204083643146, '1783': 0.0011814384386337076, '872': 0.0011858599283141764, '2063': 0.0012249108475962092, '41': 0.0012449714155413063}"
12,Y12,21,"{'281': 0.0, '1783': 0.0, '872': 0.0, '2063': 0.0, '41': 0.0}","{'281': 0.0011063856245979815, '1783': 0.0010531361993676299, '872': 0.0010577140305725802, '2063': 0.0010905332345294348, '41': 0.0011123149708146738}"
12,Y12,22,"{'281': 0.0, '1783': 0.0, '872': 0.0, '2063': 0.0, '41': 0.0}","{'281': 0.00099344876626554675, '1783': 0.0009450920017379902, '872': 0.0009498442117023999, '2063': 0.00097820707085034646, '41': 0.00099885652008028917}"
12,Y12,23,"{'281': 0.0, '1783': 0.0, '872': 0.0, '2063': 0.0, '41': 0.0}","{'281': 0.00089943725193075415, '1783': 0.00085558180543992006, '872': 0.00086041689683775588, '2063': 0.00088544784278517133, '41': 0.00090424403688795516}"
12,Y12,24,"{'281': 0.0, '1783': 0.0, '872': 0.0, '2063': 0.0, '41': 0.0}","{'281': 0.00082103020187219999, '1783': 0.00078104802347630381, '872': 0.0007858610686558977, '2063': 0.00080828736136561959, '41': 0.00082530692293080333}"
12,Y12,25,"{'281': 0.0, '1783': 0.0, '872': 0.0, '2063': 0.0, '41': 0.0}","{'281': 0.00075478196083811604, '1783': 0.0007180870442765675, '872': 0.00072280349680407243, '2063': 0.00074312255257134592, '41': 0.0007586151641014756}"
