"ScanNumber, ScanNames, ScanPointNumber, Rates per bx, RateErr per bx"
Scan_1
1,X1,1
"{'2734': 1.9689481104573895e-05, '281': 2.1658417197965805e-05, '872': 1.9689721445883473e-05, '1783': 5.9069284508305215e-06, '2774': 5.9068082801757317e-06, '2654': 2.1658297027311016e-05, '81': 1.1813736731006252e-05, '1903': 7.8758645442224313e-06, '1983': 9.8446804669595528e-06, '1943': 9.8446804669595528e-06, 'sum': 0.00042529223907378412, '952': 1.3782552653743374e-05, '1072': 1.9689481104573895e-05, '41': 2.5596289384749626e-05, '1': 1.3782672824398165e-05, '1112': 7.8757443735676423e-06, '1032': 3.9378721867838211e-06, '912': 7.8757443735676423e-06, '201': 1.7720424840527195e-05, '2814': 1.7720424840527195e-05, '992': 7.8757443735676423e-06, '2934': 9.8446804669595528e-06, '2854': 1.1813616560351463e-05, '1152': 1.3782552653743374e-05, '121': 1.3782552653743374e-05, '1863': 2.7565465819451118e-05, '241': 3.9378721867838211e-06, '161': 1.1813616560351463e-05, '2694': 1.3782552653743374e-05, '2894': 1.1813616560351463e-05, '1823': 1.3782792995052954e-05, '2023': 7.8757443735676423e-06, '2063': 1.5751608917790074e-05}"
"{'2734': 5.9287141611618922e-06, '281': 6.0367103854245584e-06, '872': 7.1537746060786949e-06, '1783': 4.3436830909458409e-06, '2774': 3.2946602482823497e-06, '2654': 5.3319041463299271e-06, '81': 5.2341471149171935e-06, '1903': 4.6871029957286655e-06, '1983': 4.0986673207356145e-06, '1943': 4.0986673207356145e-06, 'sum': 3.3549158517697341e-05, '952': 4.6593532065324082e-06, '1072': 5.9287141611618922e-06, '41': 6.1847369996615661e-06, '1': 5.4518167477111256e-06, '1112': 3.7357935734594647e-06, '1032': 2.7376945392791192e-06, '912': 3.7357935734594647e-06, '201': 5.0582884104294834e-06, '2814': 5.0582884104294834e-06, '992': 3.7357935734594647e-06, '2934': 4.0986673207356162e-06, '2854': 4.4026749481771878e-06, '1152': 4.6593532065324082e-06, '121': 4.6593532065324082e-06, '1863': 7.4022359336353567e-06, '241': 2.7376945392791192e-06, '161': 4.4026749481771878e-06, '2694': 4.6593532065324073e-06, '2894': 4.4026749481771878e-06, '1823': 6.142885266473764e-06, '2023': 3.7357935734594647e-06, '2063': 5.6382504725603443e-06}"
1,X1,2
"{'2734': 2.1658537368620594e-05, '281': 1.9689481104573895e-05, '872': 2.5596289384749626e-05, '1783': 2.3627473462012505e-05, '2774': 1.3782552653743374e-05, '2654': 2.7565345648796329e-05, '81': 2.1659018051239754e-05, '1903': 2.7565585990105907e-05, '1983': 2.3627233120702927e-05, '1943': 2.1658777709930172e-05, 'sum': 0.00075017378455208197, '952': 2.3627473462012505e-05, '1072': 1.5751608917790074e-05, '41': 2.5596770067368786e-05, '1': 1.5751488747135285e-05, '1112': 3.1503217835580147e-05, '1032': 1.1813736731006252e-05, '912': 2.7565225478141537e-05, '201': 3.5441690875637916e-05, '2814': 2.1658537368620594e-05, '992': 2.7565826331415485e-05, '2934': 2.1658537368620594e-05, '2854': 2.5596529726059208e-05, '1152': 2.5596409555404415e-05, '121': 2.5596289384749626e-05, '1863': 2.3627473462012505e-05, '241': 2.3627593632667294e-05, '161': 1.3782552653743374e-05, '2694': 3.3472514440936425e-05, '2894': 1.9689481104573895e-05, '1823': 2.3627593632667294e-05, '2023': 1.9689601275228684e-05, '2063': 3.1503338006234939e-05}"
"{'2734': 6.6674239949453086e-06, '281': 5.9287141611618914e-06, '872': 6.1847369996615661e-06, '1783': 6.7445014892051295e-06, '2774': 4.6593532065324082e-06, '2654': 6.8396252593949502e-06, '81': 8.7470619556943923e-06, '1903': 7.9250059901863077e-06, '1983': 5.4279822202128346e-06, '1943': 7.7769756775036399e-06, 'sum': 4.0448206072791545e-05, '952': 6.7445014892051295e-06, '1072': 5.6382504725603443e-06, '41': 8.3846880933550739e-06, '1': 4.8761819713600287e-06, '1112': 6.8584880172469733e-06, '1032': 5.2341471149171935e-06, '912': 6.2263834253715558e-06, '201': 9.2912711796751607e-06, '2814': 6.6674239949453086e-06, '992': 8.8788456636351305e-06, '2934': 6.6674239949453069e-06, '2854': 7.3672416520854168e-06, '1152': 6.8017358562416882e-06, '121': 6.1847369996615661e-06, '1863': 6.7445014892051287e-06, '241': 7.3145349869391805e-06, '161': 4.6593532065324065e-06, '2694': 8.4153494557548148e-06, '2894': 5.9287141611618922e-06, '1823': 7.3144347022799974e-06, '2023': 6.5698050069641004e-06, '2063': 7.4197652607363718e-06}"
1,X1,3
"{'2734': 4.9224243529381294e-05, '281': 4.5286611683907051e-05, '872': 3.937932272111216e-05, '1783': 6.6945990247111161e-05, '2774': 4.3317435249205559e-05, '2654': 6.8914565828538711e-05, '81': 4.1348979838432808e-05, '1903': 3.1503097664925361e-05, '1983': 3.9379202550457367e-05, '1943': 3.9379082379802582e-05, 'sum': 0.0015043045484250592, '952': 7.2853880063180007e-05, '1072': 3.9379442891766945e-05, '41': 4.7255547777298958e-05, '1': 3.3472274099626847e-05, '1112': 5.3162596398784271e-05, '1032': 4.7255788118608536e-05, '912': 5.5131532492176178e-05, '201': 4.9224604041345657e-05, '2814': 4.3318396614443871e-05, '992': 4.1348859667778015e-05, '2934': 5.3164158617296524e-05, '2854': 5.3162476228129479e-05, '1152': 3.9379442891766945e-05, '121': 5.1193419964082779e-05, '1863': 4.725530743598938e-05, '241': 5.3162476228129479e-05, '161': 2.7565465819451118e-05, '2694': 6.1038460943006699e-05, '2894': 3.3472153928972061e-05, '1823': 4.5286972195871414e-05, '2023': 4.3317795761169929e-05, '2063': 4.9224964553310028e-05}"
"{'2734': 8.6873870640621795e-06, '281': 9.7923923599360946e-06, '872': 8.2759799570936904e-06, '1783': 1.1447558433357001e-05, '2774': 9.0374347719653288e-06, '2654': 1.0104256625115599e-05, '81': 1.0736737832833673e-05, '1903': 6.2471006315959996e-06, '1983': 7.7768448465446888e-06, '1943': 7.2433961153093233e-06, 'sum': 4.371921169785882e-05, '952': 1.3699155192697007e-05, '1072': 8.7467616746702897e-06, '41': 9.6863148262163069e-06, '1': 7.4022263442966105e-06, '1112': 1.0104168416922766e-05, '1032': 1.0480987202458003e-05, '912': 9.9495064406666919e-06, '201': 9.9754453480105498e-06, '2814': 1.2074043982231924e-05, '992': 1.0356883053683663e-05, '2934': 1.436236960064562e-05, '2854': 9.6996530040405431e-06, '1152': 8.7467616746702914e-06, '121': 9.4293396070018108e-06, '1863': 8.8203342954344064e-06, '241': 9.6998042563139342e-06, '161': 7.4022359336353567e-06, '2694': 9.8055967022091704e-06, '2894': 6.8396183406398933e-06, '1823': 1.0951316163824522e-05, '2023': 1.0281740373732562e-05, '2063': 1.1115427434248487e-05}"
1,X1,4
"{'2734': 8.4667376452876678e-05, '281': 8.4668938671388932e-05, '872': 0.00010632819706393826, '1783': 8.0729263924783279e-05, '2774': 9.6482435061085603e-05, '2654': 6.6946350759075531e-05, '81': 8.4667015940912308e-05, '1903': 9.6482555231740402e-05, '1983': 0.00010238936351191612, '1943': 7.2852438015322526e-05, 'sum': 0.0031051642351573512, '952': 9.6482435061085603e-05, '1072': 9.057490575698114e-05, '41': 0.00012601743782720258, '1': 9.451337879703891e-05, '1112': 9.4513498967693695e-05, '1032': 8.6637634423471268e-05, '912': 0.00012995867573115374, '201': 8.6636913399542527e-05, '2814': 9.2543601509063476e-05, '992': 0.00012208196999234779, '2934': 7.8760928684665313e-05, '2854': 0.00011814217413625409, '1152': 0.00010238972402388049, '121': 6.4977054153719254e-05, '1863': 0.00013980407816087528, '241': 0.00010632855757590263, '161': 6.8915286852467439e-05, '2694': 0.00010238948368257092, '2894': 0.00011814265481887325, '1823': 8.2699281554068284e-05, '2023': 0.00012011219270437235, '2063': 0.00010632843740524785}"
"{'2734': 1.1901623565419459e-05, '281': 1.5678928645932716e-05, '872': 1.4700344900740907e-05, '1783': 1.180338263057404e-05, '2774': 1.380274322907373e-05, '2654': 1.2453783400486728e-05, '81': 1.0844642832551856e-05, '1903': 1.408993698798415e-05, '1983': 1.3091337293341449e-05, '1943': 9.5654442032759763e-06, 'sum': 7.3750728950118397e-05, '952': 1.380242433971528e-05, '1072': 1.2932455798760167e-05, '41': 9.7797299249827736e-06, '1': 1.3821309354726753e-05, '1112': 1.410828172646788e-05, '1032': 1.4918495102127893e-05, '912': 1.7159900159088073e-05, '201': 1.3208913385510738e-05, '2814': 1.1966624427584658e-05, '992': 1.6748146769795308e-05, '2934': 1.3632996932868268e-05, '2854': 1.3258074604807755e-05, '1152': 1.3979241142173822e-05, '121': 1.1649114276844282e-05, '1863': 1.6553964986878337e-05, '241': 1.5496657267367691e-05, '161': 1.2254795907066144e-05, '2694': 1.3393901704660466e-05, '2894': 1.4416412000511744e-05, '1823': 1.4308030467364655e-05, '2023': 1.5371512165545942e-05, '2063': 1.5235909135462112e-05}"
1,X1,5
"{'2734': 0.00016888411482796073, '281': 0.00019126571908903618, '872': 0.00017295262562887123, '1783': 0.00018312782340217381, '2774': 0.00021365167534289262, '2654': 0.00016888436221051961, '81': 0.00021365378537060073, '1903': 0.00018516400499114146, '1983': 0.00022789675179713716, '1943': 0.00021568773275551696, 'sum': 0.0063749164032439387, '952': 0.00018312832010754695, '1072': 0.00022586031991522759, '41': 0.00019940672209486365, '1': 0.00014853409278051306, '1112': 0.00020144054433330895, '1032': 0.00016277593870957693, '912': 0.00019126546976622194, '201': 0.00019940522906836122, '2814': 0.0001851605261132742, '992': 0.00019940622344923517, '2934': 0.00019126845290884376, '2854': 0.00023400231730192901, '1152': 0.00021568512117179731, '121': 0.00019737215479835867, '1863': 0.00021365005716991921, '241': 0.00022179217970309158, '161': 0.00019126658832343917, '2694': 0.00018923077829337368, '2894': 0.00024621282451941319, '1823': 0.0002217893226770684, '2023': 0.00022789811870704095, '2063': 0.00018719658449602625}"
"{'2734': 2.0213024890766319e-05, '281': 1.6488385388112091e-05, '872': 1.8062660028398785e-05, '1783': 1.9634921896269097e-05, '2774': 2.0014315238760045e-05, '2654': 2.06324003707737e-05, '81': 2.3372061044477662e-05, '1903': 2.1803274323493698e-05, '1983': 2.0684265833614958e-05, '1943': 2.1852387148168687e-05, 'sum': 0.00012006895355631692, '952': 2.0489246904275925e-05, '1072': 1.8079356600286061e-05, '41': 1.9179272214953755e-05, '1': 1.6987062584185828e-05, '1112': 1.7105183460225987e-05, '1032': 1.2532413065515333e-05, '912': 1.5960650073769452e-05, '201': 1.6279093986187161e-05, '2814': 1.5344793052154126e-05, '992': 1.8264002384590162e-05, '2934': 2.1456592249876056e-05, '2854': 2.1724996939581856e-05, '1152': 1.7250406511142344e-05, '121': 1.9784487893556335e-05, '1863': 1.7004732972162391e-05, '241': 2.1206191039177709e-05, '161': 1.8216568477356473e-05, '2694': 1.6388410587645385e-05, '2894': 2.2575747708286013e-05, '1823': 1.5893875389301457e-05, '2023': 2.2849442067116299e-05, '2063': 1.7788300474893942e-05}"
1,X1,6
"{'2734': 0.0004017427920423929, '281': 0.00031901525066895111, '872': 0.00029342016580724908, '1783': 0.00033674481598990817, '2774': 0.00036628883249396757, '2654': 0.00035643694272655395, '81': 0.00041552834614600625, '1903': 0.00041356025688019733, '1983': 0.00038204513182262738, '1943': 0.00032689388007706692, 'sum': 0.011965508122117288, '952': 0.00041553232116594668, '1072': 0.00037416253490523706, '41': 0.00039583694324978898, '1': 0.00026978042555011566, '1112': 0.00039583478017800279, '1032': 0.0003170485987568334, '912': 0.00037614084806503547, '201': 0.00034068460809066892, '2814': 0.0003623483184304449, '992': 0.00038598649177489983, '2934': 0.0004135600156000545, '2854': 0.0003938633158066941, '1152': 0.00041553303561804274, '121': 0.0004234137107437897, '1863': 0.00041356061363682873, '241': 0.00036037998412916014, '161': 0.00034659286123520187, '2694': 0.00042932051996279869, '2894': 0.000395834660007348, '1823': 0.00037416902975359508, '2023': 0.00039583670478614589, '2063': 0.00035841141042539912}"
"{'2734': 2.7567424791682782e-05, '281': 2.0749908286965833e-05, '872': 3.1199038760172918e-05, '1783': 2.6238840327019983e-05, '2774': 2.686213697654295e-05, '2654': 2.1394832690263833e-05, '81': 2.4753949421239931e-05, '1903': 2.6820569792253826e-05, '1983': 2.610079478232314e-05, '1943': 2.1665152653507958e-05, 'sum': 0.00018283196242579365, '952': 2.9625394045545795e-05, '1072': 2.0170257726917737e-05, '41': 3.1132072395707796e-05, '1': 2.3135734589831937e-05, '1112': 2.8718587666143509e-05, '1032': 2.4912810734742349e-05, '912': 3.1417569574643256e-05, '201': 2.7125986678246114e-05, '2814': 2.5156429757855629e-05, '992': 2.865333069388641e-05, '2934': 2.6519728730854944e-05, '2854': 2.6537388687516814e-05, '1152': 3.0422184170068249e-05, '121': 3.2401648263073684e-05, '1863': 2.726392433451714e-05, '241': 2.676553270983211e-05, '161': 2.6620494615231638e-05, '2694': 2.9898922819623371e-05, '2894': 2.8580826936382106e-05, '1823': 2.8979956073981254e-05, '2023': 3.0872388704473711e-05, '2063': 2.799425016569274e-05}"
1,X1,7
"{'2734': 0.00063294934322281427, '281': 0.00063906435680110012, '872': 0.00062276544922497119, '1783': 0.00061666646797675639, '2774': 0.0005840950053728496, '2654': 0.00061462792509701101, '81': 0.00061667232560769962, '1903': 0.00060240548045840112, '1983': 0.00063906075277676182, '1943': 0.00068995364417787639, 'sum': 0.020260603105028471, '952': 0.00068995724820221469, '1072': 0.00075510328557963169, '41': 0.0006105570510650675, '1': 0.00051284240325912835, '1112': 0.0005861221143277362, '1032': 0.00054133926848104843, '912': 0.00066349084566657743, '201': 0.00062887946648212771, '2814': 0.00067570869384023051, '992': 0.00064516768713171284, '2934': 0.0006003757618600503, '2854': 0.00070420629441893354, '1152': 0.00067773928264311205, '121': 0.00056373180608109883, '1863': 0.00066552466305438431, '241': 0.00067367089504841713, '161': 0.000466027968407919, '2694': 0.00067163085526165858, '2894': 0.00069199889937105277, '1823': 0.00065738989117865765, '2023': 0.00070421761580898121, '2063': 0.00061666038236580785}"
"{'2734': 3.5198022697883758e-05, '281': 4.2005454076945635e-05, '872': 2.9919389897325444e-05, '1783': 3.8329760776564757e-05, '2774': 3.8480225490446367e-05, '2654': 3.5738571152497167e-05, '81': 4.3275521760019604e-05, '1903': 2.6955681474870982e-05, '1983': 3.8930528407191593e-05, '1943': 3.564417446652288e-05, 'sum': 0.00023530756515439033, '952': 3.8978915278626509e-05, '1072': 3.4090217437334211e-05, '41': 3.6338189517252196e-05, '1': 3.2813423850304578e-05, '1112': 2.9803698330268421e-05, '1032': 3.1500558963395684e-05, '912': 3.904086744832387e-05, '201': 3.6826696408290284e-05, '2814': 4.1305956907443412e-05, '992': 3.8480983047369321e-05, '2934': 3.3781228977723047e-05, '2854': 3.6780025118951376e-05, '1152': 3.6617321315022148e-05, '121': 3.2169340155501026e-05, '1863': 3.7196701740679563e-05, '241': 3.9666250628083231e-05, '161': 3.4948670394056333e-05, '2694': 3.5864413913272852e-05, '2894': 4.3767361947602393e-05, '1823': 4.4479960659769811e-05, '2023': 4.618592042437658e-05, '2063': 3.2391448082825898e-05}"
1,X1,8
"{'2734': 0.00088050683787573253, '281': 0.00085488407527126609, '872': 0.00079575969251774014, '1783': 0.0008036408614697716, '2774': 0.00094553477209692279, '2654': 0.00085094019079640993, '81': 0.00096327059098609514, '1903': 0.00092189323209646728, '1983': 0.00092188624717715766, '1943': 0.00083124121339360794, 'sum': 0.029068863019347191, '952': 0.0010164853996567189, '1072': 0.0009139994320820176, '41': 0.0008883771557931698, '1': 0.00069527335994456325, '1112': 0.00091006228842982842, '1032': 0.00081153488211003284, '912': 0.00098496558794361217, '201': 0.00097510442062611539, '2814': 0.00090020641988714141, '992': 0.00092188263079151511, '2934': 0.00089429250933350092, '2854': 0.00095539401480627636, '1152': 0.00089824289522854792, '121': 0.00093371478179770132, '1863': 0.00096722604000880829, '241': 0.00099874560293110618, '161': 0.00084305782764849643, '2694': 0.0010125471678968038, '2894': 0.00095736162714479909, '1823': 0.00090809226422871073, '2023': 0.0010007122426383918, '2063': 0.00091202676506532774}"
"{'2734': 4.6010504754330917e-05, '281': 4.2112786603847819e-05, '872': 3.393275926819946e-05, '1783': 3.3289384039935797e-05, '2774': 4.2768709818960921e-05, '2654': 3.9857401417109183e-05, '81': 4.1997761569104639e-05, '1903': 4.7942558800243636e-05, '1983': 4.2814824467927368e-05, '1943': 4.4854719487720495e-05, 'sum': 0.00027540142845022651, '952': 4.3942354201949713e-05, '1072': 3.950944859468604e-05, '41': 3.6151511812800712e-05, '1': 3.5112974174187748e-05, '1112': 4.2906904894944544e-05, '1032': 4.3808591317940493e-05, '912': 5.336223529309933e-05, '201': 4.8701339595156012e-05, '2814': 4.085511624118044e-05, '992': 3.9901337419042572e-05, '2934': 3.921079339097925e-05, '2854': 4.6860137016302074e-05, '1152': 4.6307817526560509e-05, '121': 4.60503031963665e-05, '1863': 5.1864911839857971e-05, '241': 4.2363276700369134e-05, '161': 3.9700898110009521e-05, '2694': 4.6533560387007492e-05, '2894': 4.4565255436252822e-05, '1823': 4.3405601227913458e-05, '2023': 3.8916666254420948e-05, '2063': 3.7790396252342606e-05}"
1,X1,9
"{'2734': 0.0010442747424046198, '281': 0.0010789027903228999, '872': 0.00098928436248873672, '1783': 0.0011298135912511497, '2774': 0.0011053873604396358, '2654': 0.0010402097250334918, '81': 0.0011888870367935548, '1903': 0.0010666844522347675, '1983': 0.001211313554085791, '1943': 0.0011827786065017184, 'sum': 0.035907970865567525, '952': 0.0011542622310419877, '1072': 0.0011603768662704775, '41': 0.0010544669775602719, '1': 0.00087321658502332862, '1112': 0.0012011111015453936, '1032': 0.00093633440556004641, '912': 0.0012520413147285581, '201': 0.0011868574443118026, '2814': 0.0011318650853354485, '992': 0.0010442873171996325, '2934': 0.0011888891574926674, '2854': 0.0011950213617334764, '1152': 0.0011929598986171186, '121': 0.0011379537095005314, '1863': 0.0013111145235598087, '241': 0.0012174262218953421, '161': 0.0010503842883432906, '2694': 0.0011664842895697802, '2894': 0.0011420304324322691, '1823': 0.0011196336805975686, '2023': 0.0010992628832658133, '2063': 0.0010544549169329307}"
"{'2734': 4.4366226296258406e-05, '281': 4.7898856884279686e-05, '872': 4.2084238409528446e-05, '1783': 4.1714552539712979e-05, '2774': 5.2759152631301228e-05, '2654': 5.0360260549542532e-05, '81': 4.5175834499905058e-05, '1903': 4.9171022739044047e-05, '1983': 5.8529353620322242e-05, '1943': 4.6922075930469163e-05, 'sum': 0.00026356665430659948, '952': 4.6907663575435638e-05, '1072': 4.9805718651229287e-05, '41': 5.0904247639953857e-05, '1': 4.751278839862901e-05, '1112': 4.7000570912415437e-05, '1032': 4.0517335182100281e-05, '912': 5.0644903696607745e-05, '201': 5.0466305555093855e-05, '2814': 5.2470196389333734e-05, '992': 5.3246758896477247e-05, '2934': 4.676555233132618e-05, '2854': 6.0526448961113481e-05, '1152': 4.440690671444421e-05, '121': 3.5337174172981956e-05, '1863': 4.8483523927401853e-05, '241': 5.9544887053412858e-05, '161': 4.407965791552479e-05, '2694': 4.7545440055954309e-05, '2894': 3.8216657543953227e-05, '1823': 4.4944101678203111e-05, '2023': 4.2455933819005994e-05, '2063': 4.1939354878878399e-05}"
1,X1,10
"{'2734': 0.0012214723899359665, '281': 0.001221490100086216, '872': 0.0010697002083273424, '1783': 0.0012234518146743217, '2774': 0.0012254167701147736, '2654': 0.0012668236421661512, '81': 0.0013496646236988805, '1903': 0.001211625567051552, '1983': 0.0012963917350486641, '1943': 0.0011761541489601856, 'sum': 0.039669312056033842, '952': 0.0013496299131563114, '1072': 0.0012274117193995944, '41': 0.0011741699305393041, '1': 0.00091400557205141076, '1112': 0.0012806150912036819, '1032': 0.0010736715611851504, '912': 0.0012648432598178906, '201': 0.0012392206286500778, '2814': 0.0011939041939894519, '992': 0.001247120929145885, '2934': 0.0013023053911784964, '2854': 0.0014008872376214112, '1152': 0.0013180697475740266, '121': 0.0012057080410511022, '1863': 0.0013870787975798931, '241': 0.0013358571525332668, '161': 0.0010519757164612173, '2694': 0.0013240101548182147, '2894': 0.0012490897563346211, '1823': 0.0012865640437080255, '2023': 0.0012983761919331887, '2063': 0.0012826058288825856}"
"{'2734': 3.9675003826307058e-05, '281': 5.2484169839668297e-05, '872': 4.3700735494845229e-05, '1783': 4.6001389795280928e-05, '2774': 4.1154928933079688e-05, '2654': 4.784203230845844e-05, '81': 7.0367045831140328e-05, '1903': 4.7004152469649772e-05, '1983': 4.5760324014048409e-05, '1943': 5.4057922604288155e-05, 'sum': 0.00021999090252635529, '952': 5.1360038904918827e-05, '1072': 5.7199723313039698e-05, '41': 4.5319060481354535e-05, '1': 4.4385909650164123e-05, '1112': 4.1703151154708626e-05, '1032': 6.2196559284151176e-05, '912': 4.1087515691595141e-05, '201': 4.4828591998007431e-05, '2814': 5.9433203482103995e-05, '992': 5.4861340895398202e-05, '2934': 4.5293266200748051e-05, '2854': 4.8762164543760092e-05, '1152': 3.9553876522832966e-05, '121': 4.4264057054604173e-05, '1863': 4.3654854863249964e-05, '241': 6.7057976038824163e-05, '161': 5.3448584786580773e-05, '2694': 5.7413778296900609e-05, '2894': 5.3309957449292078e-05, '1823': 6.3683978964348164e-05, '2023': 5.4439381995858751e-05, '2063': 5.5030876563778526e-05}"
1,X1,11
"{'2734': 0.0011033298952194551, '281': 0.0011176029647079607, '872': 0.001194998575374484, '1783': 0.0010381568611289064, '2774': 0.0012520433054305613, '2654': 0.0012112831832685818, '81': 0.0012887151426790903, '1903': 0.0011603614354195695, '1983': 0.0012113029622317602, '1943': 0.0011175925125523161, 'sum': 0.037651493897040686, '952': 0.0013029663008637727, '1072': 0.001152218203060329, '41': 0.0010687215079087764, '1': 0.00085487551017043493, '1112': 0.0011868620679403345, '1032': 0.0010524253244511782, '912': 0.001233710073089848, '201': 0.001170566245370234, '2814': 0.0011807350810461989, '992': 0.0011644408979918808, '2934': 0.001203157987523203, '2854': 0.0012540674089298895, '1152': 0.0011970538044503579, '121': 0.0011216688668355345, '1863': 0.0013396319040718178, '241': 0.0013070625835098326, '161': 0.0011053812534858782, '2694': 0.0012336996170536926, '2894': 0.0011664871611477186, '1823': 0.0012173972014958661, '2023': 0.0012581625701083492, '2063': 0.0011848149180877954}"
"{'2734': 3.6816083653531613e-05, '281': 4.93846520054362e-05, '872': 4.5737080619111843e-05, '1783': 3.7633016118366513e-05, '2774': 5.198158107704167e-05, '2654': 3.6487776754225337e-05, '81': 5.4690431337720573e-05, '1903': 3.7632181606624956e-05, '1983': 5.1927548645010004e-05, '1943': 4.144775736581567e-05, 'sum': 0.00023984419735246379, '952': 4.8799020890321501e-05, '1072': 4.1303760196957955e-05, '41': 4.9434608782393476e-05, '1': 3.5268243980823143e-05, '1112': 5.3523064269155782e-05, '1032': 4.7389690507480441e-05, '912': 5.2035900832837394e-05, '201': 5.3149973501287336e-05, '2814': 4.1783530114828848e-05, '992': 4.2553835412739451e-05, '2934': 5.3797689622024166e-05, '2854': 4.2530078044248941e-05, '1152': 5.7905629715109005e-05, '121': 4.3700908337468106e-05, '1863': 4.5956093059012656e-05, '241': 6.241932023761869e-05, '161': 4.8611638623666074e-05, '2694': 4.4571578706962732e-05, '2894': 4.958162732735611e-05, '1823': 3.9301953828622587e-05, '2023': 5.7090088872448901e-05, '2063': 4.6474340339657141e-05}"
1,X1,12
"{'2734': 0.0009514462632773023, '281': 0.0008903512657965503, '872': 0.00095934091105816829, '1783': 0.0008962672230066551, '2774': 0.00096524289749082054, '2654': 0.00095932490019608413, '81': 0.0010657665552571416, '1903': 0.00094750479442037405, '1983': 0.0010007078038348305, '1943': 0.00098494104027087174, 'sum': 0.031126340550761068, '952': 0.00099086962854339476, '1072': 0.00097706794716237531, '41': 0.00097116150596599665, '1': 0.00080561797386185532, '1112': 0.0010677398268824382, '1032': 0.00088246975041505311, '912': 0.0010204308444724207, '201': 0.0010125433177416844, '2814': 0.0010145045478918379, '992': 0.00087853211763074565, '2934': 0.00098496451767371798, '2854': 0.0010105831766380898, '1152': 0.00099480099367698824, '121': 0.00092584037338383496, '1863': 0.00096326914518290465, '241': 0.0010460543393668149, '161': 0.00082729070075607345, '2694': 0.0011268584245455362, '2894': 0.0010598408388755014, '1823': 0.00097312621543213962, '2023': 0.00099087492262403803, '2063': 0.00098100568979017188}"
"{'2734': 4.2191366886344862e-05, '281': 3.923025596315081e-05, '872': 5.0541014836101256e-05, '1783': 4.2535188401356621e-05, '2774': 4.3194092690366477e-05, '2654': 3.8558046996840744e-05, '81': 4.9635963897118144e-05, '1903': 4.2203948838781839e-05, '1983': 3.4896549199041116e-05, '1943': 3.478625469139434e-05, 'sum': 0.00024740910187666577, '952': 4.7804932708530722e-05, '1072': 4.3435183243574984e-05, '41': 4.7775609621512101e-05, '1': 3.9398141975998637e-05, '1112': 5.1152506280761008e-05, '1032': 4.0049039138591581e-05, '912': 4.6659318258642986e-05, '201': 4.3692306584455889e-05, '2814': 3.5579075651236441e-05, '992': 4.2930642671159607e-05, '2934': 5.2682766587930173e-05, '2854': 5.1228712159434883e-05, '1152': 3.9985873318614457e-05, '121': 5.178741288311787e-05, '1863': 4.0832542862361798e-05, '241': 4.7813789023561275e-05, '161': 3.7133937114486303e-05, '2694': 4.2205629329197174e-05, '2894': 4.012538063440335e-05, '1823': 4.332814849125084e-05, '2023': 5.1367130396347668e-05, '2063': 4.0359239951382498e-05}"
1,X1,13
"{'2734': 0.0006166545344361414, '281': 0.00074289489712100478, '872': 0.00063498142505219826, '1783': 0.00064109693921636794, '2774': 0.00073678560438565914, '2654': 0.00068995476176496599, '81': 0.00068384795546686894, '1903': 0.00073066983895841986, '1983': 0.00074493793266204491, '1943': 0.00071846294643667838, 'sum': 0.02235958104332288, '952': 0.00073474320524837824, '1072': 0.00076326045867366099, '41': 0.00067977148767871156, '1': 0.00062277427544662112, '1112': 0.00070216240322527781, '1032': 0.00058001356179981185, '912': 0.00077954569812087966, '201': 0.00072050322681510202, '2814': 0.00070421040290966628, '992': 0.0006879186985315755, '2934': 0.00061869258643127974, '2854': 0.00067773965420201419, '1152': 0.0006980976235354319, '121': 0.00062073958106338982, '1863': 0.0007164233946241438, '241': 0.00073474146095880619, '161': 0.00063498080417048188, '2694': 0.00080194632367541394, '2894': 0.00068587916224108387, '1823': 0.00076325200207065795, '2023': 0.00076528458351579804, '2063': 0.00072661388840060685}"
"{'2734': 2.5418883447129951e-05, '281': 4.1219308457902429e-05, '872': 3.1348040998793687e-05, '1783': 3.9263863358820084e-05, '2774': 4.0149775456724059e-05, '2654': 3.671065075451243e-05, '81': 3.754730393968091e-05, '1903': 3.2805839950471313e-05, '1983': 4.671346649442629e-05, '1943': 4.1175830696715264e-05, 'sum': 0.0002584212388442334, '952': 3.4214138268776008e-05, '1072': 4.5350328127589652e-05, '41': 3.2966289348312131e-05, '1': 3.8783600861591193e-05, '1112': 2.835504060009206e-05, '1032': 2.8047394757286902e-05, '912': 4.271276294015732e-05, '201': 4.4643576562165144e-05, '2814': 4.0445562556217962e-05, '992': 3.6566783125825359e-05, '2934': 2.835007484528397e-05, '2854': 3.6968528596442655e-05, '1152': 3.5949096053966651e-05, '121': 3.9729247172659583e-05, '1863': 3.8065332796934625e-05, '241': 3.2409422055692046e-05, '161': 3.0655759924077797e-05, '2694': 4.5350777276902887e-05, '2894': 3.2959813794189636e-05, '1823': 3.8381341809452078e-05, '2023': 3.5110560876728221e-05, '2063': 4.6707462112441437e-05}"
1,X1,14
"{'2734': 0.0004332609185498328, '281': 0.0004293241241436091, '872': 0.00039582828814614446, '1783': 0.00037022454254779846, '2774': 0.00044901890402299262, '2654': 0.00041553388432329221, '81': 0.00044113581891231719, '1903': 0.00044901156798005104, '1983': 0.00044310511739533993, '1943': 0.00045492799366794284, 'sum': 0.013826898809882903, '952': 0.00048644708154062108, '1072': 0.00051599254666437062, '41': 0.00045886550064859613, '1': 0.00033280381561076692, '1112': 0.00048250451988180078, '1032': 0.00038401695482823399, '912': 0.00048644924836774024, '201': 0.00047068850272485326, '2814': 0.00042734881806668013, '992': 0.00041356302268292394, '2934': 0.00042341190818396786, '2854': 0.00045098555217977732, '1152': 0.00045689704523782336, '121': 0.00042537819864528795, '1863': 0.00043128656726630946, '241': 0.00044113918744598425, '161': 0.00038598805305457883, '2694': 0.00045689861590583476, '2894': 0.00041159227839671075, '1823': 0.00038993217974841115, '2023': 0.00040962358733879464, '2063': 0.00040371461317033298}"
"{'2734': 3.0935567446246649e-05, '281': 3.3682677499095034e-05, '872': 1.9794692549442643e-05, '1783': 2.2102561075269551e-05, '2774': 3.0961087470562488e-05, '2654': 3.1333489405334163e-05, '81': 2.6216395411993652e-05, '1903': 2.1667324089799425e-05, '1983': 2.5638167413031911e-05, '1943': 3.0740570006271472e-05, 'sum': 0.0001413007316571325, '952': 3.3083297749268974e-05, '1072': 3.0480366652012689e-05, '41': 2.8438322641873231e-05, '1': 2.3662626402758129e-05, '1112': 3.0016267043034389e-05, '1032': 2.8764984472025579e-05, '912': 3.5198373672999137e-05, '201': 3.305059528464912e-05, '2814': 2.7601402344932709e-05, '992': 3.0065074961446268e-05, '2934': 3.0490190650336661e-05, '2854': 2.7409041921994791e-05, '1152': 2.9951540221708972e-05, '121': 2.6486159725265634e-05, '1863': 2.5474693099899133e-05, '241': 3.0196015808110843e-05, '161': 3.0417225061438169e-05, '2694': 3.1645891868926747e-05, '2894': 2.8872994188895957e-05, '1823': 3.5329596185101775e-05, '2023': 2.9994092329070612e-05, '2063': 3.0058829031690386e-05}"
1,X1,15
"{'2734': 0.00023039160559194222, '281': 0.00024023833083769967, '872': 0.00017131162307886108, '1783': 0.00025205194458155142, '2774': 0.00023432947683989282, '2654': 0.00025205338756824211, '81': 0.00025599282479003794, '1903': 0.00025008601557102895, '1983': 0.00026190408220094059, '1943': 0.00022251489985313628, 'sum': 0.0077073379539914673, '952': 0.00026387085334487982, '1072': 0.00025993394440100077, '41': 0.00024614465655758977, '1': 0.00019100230401231636, '1112': 0.00026978379220611625, '1032': 0.00022448503953074255, '912': 0.0002717510459103411, '201': 0.00025599475127584752, '2814': 0.00021266938006925967, '992': 0.00023039160653077546, '2934': 0.00021660448363681713, '2854': 0.00022645397656296769, '1152': 0.00023826674723456944, '121': 0.00025599306513134751, '1863': 0.00028553492138012041, '241': 0.00021266601153559263, '161': 0.00018706503361763974, '2694': 0.00028553456086815606, '2894': 0.00029341547351871284, '1823': 0.00022251586309604107, '2023': 0.00027174792241214983, '2063': 0.00021463843539447312}"
"{'2734': 2.0940479918166462e-05, '281': 2.0984765044767247e-05, '872': 1.7774382295540591e-05, '1783': 1.644572894107599e-05, '2774': 1.9634240802770165e-05, '2654': 1.9147892387450361e-05, '81': 2.03014984665354e-05, '1903': 2.2357229411493027e-05, '1983': 2.4874639554809732e-05, '1943': 2.1847325129149619e-05, 'sum': 0.00011289009000064329, '952': 2.1070791423505293e-05, '1072': 2.3850901036317959e-05, '41': 1.8013676425515222e-05, '1': 1.4363463964323161e-05, '1112': 2.7562509794112226e-05, '1032': 2.3067443599493314e-05, '912': 2.4818007324364367e-05, '201': 2.3246818360885911e-05, '2814': 2.3324075228709579e-05, '992': 2.0942197652630625e-05, '2934': 1.764367082331802e-05, '2854': 2.2506068317014353e-05, '1152': 1.7070485181976176e-05, '121': 2.0692682138129762e-05, '1863': 2.1818965188971712e-05, '241': 1.7876559402431359e-05, '161': 1.6971051875299274e-05, '2694': 2.1260126851233158e-05, '2894': 2.5704241260557396e-05, '1823': 2.3268129499081178e-05, '2023': 2.0186898072542432e-05, '2063': 2.2978143701392459e-05}"
1,X1,16
"{'2734': 0.00011026642976268645, '281': 0.00011223512551476878, '872': 0.00010632831817342629, '1783': 9.6481473695847291e-05, '2774': 0.00011617504154151726, '2654': 9.0574304903707199e-05, '81': 0.00011223476500280441, '1903': 0.00011617275736024303, '1983': 0.00010632711552804517, '1943': 9.4512777943764968e-05, 'sum': 0.0036624227800676899, '952': 0.00010435866011727241, '1072': 0.00011223488517345921, '41': 0.00012799021938154773, '1': 0.00011814313644032566, '1112': 0.00014177229135267197, '1032': 9.6482074549121246e-05, '912': 0.0001693426860466359, '201': 0.00012404898241642984, '2814': 0.00012405042540312053, '992': 0.00011420478263208943, '2934': 0.00010632735586935474, '2854': 0.00012405174728032323, '1152': 0.00012208160948038341, '121': 9.6483878047776324e-05, '1863': 0.00011223428432018526, '241': 0.00010238984419453529, '161': 8.6636793228887741e-05, '2694': 0.00012798877733369028, '2894': 0.00011223584747753076, '1823': 0.00010829713315733017, '2023': 0.00013783405959275701, '2063': 0.00013192520747261664}"
"{'2734': 1.4823256742599914e-05, '281': 1.3895958171388678e-05, '872': 1.4970963722067922e-05, '1783': 1.1242713768935058e-05, '2774': 1.753210423692022e-05, '2654': 1.1277107352412325e-05, '81': 1.3002208182563331e-05, '1903': 1.2453792893329768e-05, '1983': 1.199900300237458e-05, '1943': 1.2286492118022049e-05, 'sum': 8.2919666328878924e-05, '952': 1.3632846498125892e-05, '1072': 1.3306796371502645e-05, '41': 1.8423029563843648e-05, '1': 1.5488598354250734e-05, '1112': 1.4541658299650152e-05, '1032': 1.2902352684857967e-05, '912': 1.8283453681534283e-05, '201': 1.1836741540899746e-05, '2814': 1.5371354616878985e-05, '992': 1.5176475916144054e-05, '2934': 1.2649286881058594e-05, '2854': 1.80122507133638e-05, '1152': 1.6014427505675296e-05, '121': 1.6931790531005299e-05, '1863': 1.1704923634114804e-05, '241': 1.4263085502278682e-05, '161': 1.2902120371942162e-05, '2694': 1.5596522830521503e-05, '2894': 1.5530477992399986e-05, '1823': 1.4353395233301786e-05, '2023': 1.4701086391311211e-05, '2063': 1.0999018744828969e-05}"
1,X1,17
"{'2734': 4.1348018473194489e-05, '281': 5.3162356057474693e-05, '872': 5.3162836740093849e-05, '1783': 6.6945990247111161e-05, '2774': 6.6946951612349473e-05, '2654': 5.513165266283097e-05, '81': 5.1193780476047149e-05, '1903': 5.9069404678959999e-05, '1983': 6.4977174324374039e-05, '1943': 3.9379442891766945e-05, 'sum': 0.0017681530406398157, '952': 5.1193059452118415e-05, '1072': 5.1193780476047149e-05, '41': 7.0883742263240203e-05, '1': 4.7255427606644172e-05, '1112': 6.3007997889672561e-05, '1032': 2.9534522083497818e-05, '912': 7.0883982604549775e-05, '201': 5.710155012146119e-05, '2814': 4.7255908289263328e-05, '992': 6.3007036524434249e-05, '2934': 6.3007637377708191e-05, '2854': 4.7255908289263328e-05, '1152': 3.7410386627720246e-05, '121': 4.9224123358726501e-05, '1863': 5.7100228244258514e-05, '241': 6.4977054153719254e-05, '161': 4.7255547777298958e-05, '2694': 6.3007877719017762e-05, '2894': 4.9224483870690872e-05, '1823': 8.4667616794186249e-05, '2023': 6.3008358401636918e-05, '2063': 3.9379202550457367e-05}"
"{'2734': 7.1536356850897704e-06, '281': 9.2774377032585775e-06, '872': 1.0868596547409215e-05, '1783': 1.1447686591496821e-05, '2774': 1.3969800454780492e-05, '2654': 1.0344538751015191e-05, '81': 1.0627988906611277e-05, '1903': 9.5923296187273143e-06, '1983': 1.1988268770643178e-05, '1943': 8.7466778111601609e-06, 'sum': 5.6929795546526506e-05, '952': 8.0545107805429035e-06, '1072': 1.0628057925147559e-05, '41': 1.0628065346242402e-05, '1': 9.263489058070841e-06, '1112': 1.1492627109920544e-05, '1032': 7.9412910876164037e-06, '912': 1.1357079699553123e-05, '201': 1.2952061819432554e-05, '2814': 1.0856565998028725e-05, '992': 8.2447496103677692e-06, '2934': 1.0394466195109595e-05, '2854': 1.085643086182288e-05, '1152': 8.338295949305163e-06, '121': 8.21329680391614e-06, '1863': 8.9223268889620069e-06, '241': 1.1648988334742386e-05, '161': 9.6863148262163069e-06, '2694': 1.113852196845155e-05, '2894': 9.5656396312881452e-06, '1823': 1.2557082077535298e-05, '2023': 1.2494874817678119e-05, '2063': 7.7768448465446905e-06}"
1,X1,18
"{'2734': 2.0345921317736308e-05, '281': 2.2380488614241281e-05, '872': 1.4242095251878103e-05, '1783': 2.4415180087089537e-05, '2774': 1.8311478197574615e-05, '2654': 2.848443885644277e-05, '81': 2.2380488614241281e-05, '1903': 2.4414931734402973e-05, '1983': 3.0519254505634311e-05, '1943': 2.0345797141393027e-05, 'sum': 0.00074262662480274841, '952': 2.0345797141393027e-05, '1072': 2.0345797141393027e-05, '41': 2.0345797141393027e-05, '1': 1.2207403779029847e-05, '1112': 3.2553449273109436e-05, '1032': 2.8484314680099487e-05, '912': 2.4414807558059693e-05, '201': 1.2207403779029847e-05, '2814': 1.8311229844888051e-05, '992': 3.4589009980360665e-05, '2934': 1.2207403779029847e-05, '2854': 2.644962320725123e-05, '1152': 3.8657275338967642e-05, '121': 2.0345921317736308e-05, '1863': 3.2553821802139284e-05, '241': 2.6449747383594514e-05, '161': 1.6276662548383078e-05, '2694': 2.8484190503756206e-05, '2894': 2.2380488614241281e-05, '1823': 2.2380612790584564e-05, '2023': 2.8484563032786051e-05, '2063': 1.8311229844888051e-05}"
"{'2734': 6.758593601843034e-06, '281': 6.8529711727629856e-06, '872': 5.616626621013077e-06, '1783': 7.5184842114860441e-06, '2774': 7.2577783162691429e-06, '2654': 8.1385625030984002e-06, '81': 6.8529711727629856e-06, '1903': 6.2767121350588502e-06, '1983': 9.1383398451380535e-06, '1943': 6.0920692560699937e-06, 'sum': 4.0242744222234375e-05, '952': 6.0920692560699928e-06, '1072': 6.0920692560699928e-06, '41': 6.0920692560699928e-06, '1': 4.5337159460215362e-06, '1112': 7.5940316617305007e-06, '1032': 7.5940385449493542e-06, '912': 5.552645353236144e-06, '201': 4.5337159460215353e-06, '2814': 5.9618104377318762e-06, '992': 1.1215078621929297e-05, '2934': 4.533715946021537e-06, '2854': 6.9768206146816755e-06, '1152': 8.0058216811585051e-06, '121': 6.758593601843034e-06, '1863': 9.1305208198436722e-06, '241': 7.5657949530170697e-06, '161': 5.8041002135118763e-06, '2694': 7.0074397224897357e-06, '2894': 6.8529711727629856e-06, '1823': 7.4518483855921481e-06, '2023': 8.6487808142282095e-06, '2063': 5.9618104377318762e-06}"
1,X1,19
"{'2734': 1.5751488747135285e-05, '281': 1.5751488747135285e-05, '872': 1.1813616560351463e-05, '1783': 9.8446804669595528e-06, '2774': 1.1813616560351463e-05, '2654': 9.8446804669595528e-06, '81': 1.5751488747135285e-05, '1903': 1.5751729088444863e-05, '1983': 7.8757443735676423e-06, '1943': 7.8757443735676423e-06, 'sum': 0.00040560335882248419, '952': 1.1813736731006252e-05, '1072': 1.5751488747135285e-05, '41': 1.1813616560351463e-05, '1': 1.1813616560351463e-05, '1112': 7.8757443735676423e-06, '1032': 7.8757443735676423e-06, '912': 5.9068082801757317e-06, '201': 1.3782552653743374e-05, '2814': 1.3782552653743374e-05, '992': 9.8448006376143418e-06, '2934': 1.7720424840527195e-05, '2854': 2.1658537368620594e-05, '1152': 1.1813616560351463e-05, '121': 1.1813736731006252e-05, '1863': 9.8446804669595528e-06, '241': 2.7565826331415485e-05, '161': 1.5751729088444863e-05, '2694': 7.8757443735676423e-06, '2894': 9.8446804669595528e-06, '1823': 9.8448006376143418e-06, '2023': 1.1813736731006252e-05, '2063': 1.7720905523146351e-05}"
"{'2734': 4.8761819713600287e-06, '281': 4.8761819713600287e-06, '872': 4.4026749481771878e-06, '1783': 4.0986673207356154e-06, '2774': 4.4026749481771878e-06, '2654': 4.0986673207356154e-06, '81': 4.8761819713600287e-06, '1903': 6.3089290821719165e-06, '1983': 3.7357935734594647e-06, '1943': 3.7357935734594647e-06, 'sum': 2.7956438038679163e-05, '952': 5.2341471149171935e-06, '1072': 4.8761819713600287e-06, '41': 4.402674948177187e-06, '1': 4.4026749481771878e-06, '1112': 3.7357935734594647e-06, '1032': 3.7357935734594647e-06, '912': 3.2946602482823497e-06, '201': 4.6593532065324073e-06, '2814': 4.6593532065324082e-06, '992': 4.9811483516599202e-06, '2934': 5.0582884104294834e-06, '2854': 6.6674239949453086e-06, '1152': 4.4026749481771878e-06, '121': 5.2341471149171935e-06, '1863': 4.0986673207356162e-06, '241': 8.8788456636351305e-06, '161': 6.3089290821719165e-06, '2694': 3.7357935734594647e-06, '2894': 4.0986673207356162e-06, '1823': 4.9811483516599202e-06, '2023': 5.2341471149171935e-06, '2063': 7.5920061049127606e-06}"
Scan_2
2,Y1,1
"{'2734': 6.1037018895149233e-06, '281': 8.1382691860198971e-06, '872': 6.1037018895149233e-06, '1783': 1.0172836482524872e-05, '2774': 8.1383933623631791e-06, '2654': 4.0691345930099486e-06, '81': 8.1382691860198971e-06, '1903': 1.0172836482524872e-05, '1983': 2.0345672965049743e-06, '1943': 6.1037018895149233e-06, 'sum': 0.00026246079554160439, '952': 6.1037018895149233e-06, '1072': 4.0691345930099486e-06, '41': 6.1037018895149233e-06, '1': 6.1037018895149233e-06, '1112': 6.1037018895149233e-06, '1032': 8.1383933623631791e-06, '912': 6.1037018895149233e-06, '201': 8.1382691860198971e-06, '2814': 1.4242095251878103e-05, '992': 1.4242095251878103e-05, '2934': 6.1037018895149233e-06, '2854': 1.2207776308059692e-05, '1152': 1.2207403779029847e-05, '121': 1.6276662548383078e-05, '1863': 1.0172960658868154e-05, '241': 6.1037018895149233e-06, '161': 6.1037018895149233e-06, '2694': 1.6277035077412922e-05, '2894': 8.1382691860198971e-06, '1823': 6.1037018895149233e-06, '2023': 8.1382691860198971e-06, '2063': 6.1037018895149233e-06}"
"{'2734': 3.4002869595161523e-06, '281': 3.8529176796417633e-06, '872': 3.4002869595161532e-06, '1783': 4.224040435824551e-06, '2774': 4.8384252442391934e-06, '2654': 2.8272686264943821e-06, '81': 3.8529176796417633e-06, '1903': 4.224040435824551e-06, '1983': 2.0345672965049743e-06, '1943': 3.4002869595161523e-06, 'sum': 2.1733342025716058e-05, '952': 3.4002869595161523e-06, '1072': 2.8272686264943821e-06, '41': 3.4002869595161519e-06, '1': 3.4002869595161523e-06, '1112': 3.4002869595161523e-06, '1032': 4.8384252442391934e-06, '912': 3.4002869595161519e-06, '201': 3.8529176796417633e-06, '2814': 5.616626621013077e-06, '992': 5.616626621013077e-06, '2934': 3.4002869595161523e-06, '2854': 6.8008967471260899e-06, '1152': 4.5337159460215353e-06, '121': 5.8041002135118763e-06, '1863': 5.1388602216516865e-06, '241': 3.4002869595161523e-06, '161': 3.4002869595161532e-06, '2694': 7.7061722682760859e-06, '2894': 3.8529176796417633e-06, '1823': 3.4002869595161519e-06, '2023': 3.8529176796417641e-06, '2063': 3.4002869595161523e-06}"
2,Y1,2
"{'2734': 1.0172836482524872e-05, '281': 1.8311354021231335e-05, '872': 6.1037018895149233e-06, '1783': 6.1037018895149233e-06, '2774': 1.0172836482524872e-05, '2654': 1.0172836482524872e-05, '81': 1.4242095251878103e-05, '1903': 1.2207527955373128e-05, '1983': 8.1383933623631791e-06, '1943': 8.1382691860198971e-06, 'sum': 0.00033367127180099486, '952': 1.0172836482524872e-05, '1072': 8.1382691860198971e-06, '41': 8.1382691860198971e-06, '1': 2.8484563032786051e-05, '1112': 2.0345921317736308e-05, '1032': 6.1037018895149233e-06, '912': 6.1038260658582052e-06, '201': 8.1382691860198971e-06, '2814': 8.1383933623631791e-06, '992': 8.1382691860198971e-06, '2934': 1.2207527955373128e-05, '2854': 1.2207403779029847e-05, '1152': 1.4242095251878103e-05, '121': 1.4241971075534821e-05, '1863': 8.1382691860198971e-06, '241': 4.0691345930099486e-06, '161': 6.1038260658582052e-06, '2694': 4.0691345930099486e-06, '2894': 1.0172836482524872e-05, '1823': 1.0172836482524872e-05, '2023': 1.0172836482524872e-05, '2063': 1.2207527955373128e-05}"
"{'2734': 4.224040435824551e-06, '281': 6.6414215928045873e-06, '872': 3.4002869595161523e-06, '1783': 3.4002869595161523e-06, '2774': 4.224040435824551e-06, '2654': 4.224040435824551e-06, '81': 5.616626621013077e-06, '1903': 5.3962885050376282e-06, '1983': 4.8384252442391934e-06, '1943': 3.8529176796417633e-06, 'sum': 2.5129766687916431e-05, '952': 4.224040435824551e-06, '1072': 3.8529176796417641e-06, '41': 3.8529176796417633e-06, '1': 8.6487808142282095e-06, '1112': 6.758593601843034e-06, '1032': 3.4002869595161523e-06, '912': 4.4863518619087924e-06, '201': 3.8529176796417633e-06, '2814': 4.8384252442391934e-06, '992': 3.8529176796417633e-06, '2934': 5.3962885050376282e-06, '2854': 4.5337159460215353e-06, '1152': 5.616626621013077e-06, '121': 4.7938671939555606e-06, '1863': 3.8529176796417633e-06, '241': 2.8272686264943813e-06, '161': 4.4863518619087915e-06, '2694': 2.8272686264943821e-06, '2894': 4.224040435824551e-06, '1823': 4.224040435824551e-06, '2023': 4.224040435824551e-06, '2063': 5.3962885050376282e-06}"
2,Y1,3
"{'2734': 2.5596409555404415e-05, '281': 3.7410386627720246e-05, '872': 2.953428174218824e-05, '1783': 2.1658777709930172e-05, '2774': 2.3627353291357716e-05, '2654': 2.3627353291357716e-05, '81': 1.3782672824398165e-05, '1903': 2.1658537368620594e-05, '1983': 2.9534161571533451e-05, '1943': 1.3782552653743374e-05, 'sum': 0.00082499575951407037, '952': 3.5441210193018761e-05, '1072': 2.1658417197965805e-05, '41': 2.953428174218824e-05, '1': 5.9071207238781837e-05, '1112': 3.3472754782246003e-05, '1032': 1.7720665181836773e-05, '912': 2.1658537368620594e-05, '201': 1.3782672824398165e-05, '2814': 1.3782552653743374e-05, '992': 2.5596529726059208e-05, '2934': 1.7720424840527195e-05, '2854': 2.5596649896713997e-05, '1152': 3.9379442891766945e-05, '121': 1.9689481104573895e-05, '1863': 3.9379082379802582e-05, '241': 2.7565465819451118e-05, '161': 1.7720545011181984e-05, '2694': 2.1658417197965805e-05, '2894': 2.953428174218824e-05, '1823': 1.9689481104573895e-05, '2023': 2.5596770067368786e-05, '2063': 2.9534401912843029e-05}"
"{'2734': 6.8017358562416882e-06, '281': 8.338295949305163e-06, '872': 6.8584903171542752e-06, '1783': 7.7769756775036382e-06, '2774': 6.1217355105312892e-06, '2654': 6.1217355105312892e-06, '81': 5.4518167477111256e-06, '1903': 6.6674239949453086e-06, '1983': 6.2471018940926868e-06, '1943': 4.6593532065324073e-06, 'sum': 4.8109279654451007e-05, '952': 7.3673251599968206e-06, '1072': 6.0367103854245584e-06, '41': 6.8584903171542735e-06, '1': 1.4567835185455564e-05, '1112': 9.3190517291264993e-06, '1032': 6.4507120259212184e-06, '912': 6.6674239949453069e-06, '201': 5.4518167477111256e-06, '2814': 4.6593532065324082e-06, '992': 7.3672416520854168e-06, '2934': 5.0582884104294834e-06, '2854': 7.8924239320146401e-06, '1152': 8.7467616746702897e-06, '121': 5.9287141611618914e-06, '1863': 7.2433961153093233e-06, '241': 7.4022359336353567e-06, '161': 5.7964630286672498e-06, '2694': 6.0367103854245584e-06, '2894': 6.8584903171542752e-06, '1823': 5.9287141611618922e-06, '2023': 8.3846880933550723e-06, '2063': 7.4196695873103886e-06}"
2,Y1,4
"{'2734': 4.1348258814504067e-05, '281': 5.3161995545510323e-05, '872': 4.9224123358726501e-05, '1783': 5.7100829097532456e-05, '2774': 5.1193299793427993e-05, '2654': 5.1193660305392357e-05, '81': 5.71003484149133e-05, '1903': 6.1038100431042328e-05, '1983': 6.4976933983064468e-05, '1943': 4.3317435249205559e-05, 'sum': 0.0016874187295475313, '952': 5.5132013174795334e-05, '1072': 4.5286491513252258e-05, '41': 6.3007637377708191e-05, '1': 8.6637153740852112e-05, '1112': 3.937932272111216e-05, '1032': 4.3317194907895981e-05, '912': 5.51312921508666e-05, '201': 4.7255908289263328e-05, '2814': 6.300727686574382e-05, '992': 4.5286371342597466e-05, '2934': 6.4976212959135728e-05, '2854': 4.3317555419860344e-05, '1152': 5.5132373686759704e-05, '121': 6.6945509564492005e-05, '1863': 5.7100468585568092e-05, '241': 5.3162476228129479e-05, '161': 4.1348378985158859e-05, '2694': 4.5286731854561836e-05, '2894': 5.1193540134737571e-05, '1823': 3.9379803403731316e-05, '2023': 5.7100468585568092e-05, '2063': 3.9379563062421738e-05}"
"{'2734': 8.1975318806424579e-06, '281': 7.8760478088938089e-06, '872': 8.21329680391614e-06, '1783': 1.093963975660127e-05, '2774': 8.9945249262877473e-06, '2654': 1.0243963107807759e-05, '81': 9.3605717574657171e-06, '1903': 8.4920038185535321e-06, '1983': 1.1299849813738805e-05, '1943': 9.0374347719653271e-06, 'sum': 6.5445427002934104e-05, '952': 1.1447690725354181e-05, '1072': 9.3743515494921523e-06, '41': 1.0394325051164361e-05, '1': 1.3802481491305717e-05, '1112': 8.2759799570936887e-06, '1032': 8.1023926298815216e-06, '912': 9.1086702563937062e-06, '201': 1.0856565998028725e-05, '2814': 9.1652627666063773e-06, '992': 8.9367771492319445e-06, '2934': 8.9223463365669239e-06, '2854': 9.4703602988402192e-06, '1152': 1.2453562986453894e-05, '121': 9.9496681589899847e-06, '1863': 9.7792718133873319e-06, '241': 9.6996530040405448e-06, '161': 8.6724876271047641e-06, '2694': 1.0193519046957911e-05, '2894': 9.8452669101586069e-06, '1823': 1.0027207602070443e-05, '2023': 9.7792718133873319e-06, '2063': 9.1933872035579637e-06}"
2,Y1,5
"{'2734': 0.00012615286007833977, '281': 0.00010783703376849492, '872': 8.1386417150497437e-05, '1783': 0.00010173382858435313, '2774': 0.0001363240812982743, '2654': 0.00012004828798429419, '81': 0.00014446632412727921, '1903': 0.00012004667272170385, '1983': 0.00011801235377788544, '1943': 8.7489746510982508e-05, 'sum': 0.0041976040229201317, '952': 0.00016074286249931902, '1072': 0.0001383598893880844, '41': 0.00015260434593074025, '1': 0.00022179230387943486, '1112': 0.0001831299353701373, '1032': 0.00012818581114212673, '912': 0.00013836038803371291, '201': 0.00011597716559966406, '2814': 0.00013022149602572123, '992': 0.00013022112446681907, '2934': 0.00012411555993215492, '2854': 0.00011190641671419144, '1152': 0.00012411705004827429, '121': 0.00014039495533021789, '1863': 0.00012818705484581491, '241': 0.00014039619612352301, '161': 0.00011801086366176605, '2694': 0.0001424313852718721, '2894': 0.00012411518643299738, '1823': 0.00013429025808970135, '2023': 0.00014649977383669467, '2063': 0.00012004642436901728}"
"{'2734': 1.9620427940900193e-05, '281': 1.2985142218508675e-05, '872': 1.413737848704784e-05, '1783': 1.5301503155402242e-05, '2774': 1.4243730301101161e-05, '2654': 1.9077375257049752e-05, '81': 2.038018823211896e-05, '1903': 1.5892138674466797e-05, '1983': 1.6796268461197408e-05, '1943': 1.2307354287443566e-05, 'sum': 7.6023053863951643e-05, '952': 1.6681672947302454e-05, '1072': 1.653935384769194e-05, '41': 1.8219912560782284e-05, '1': 2.1406564136207175e-05, '1112': 2.3047592568268039e-05, '1032': 1.6123983847583773e-05, '912': 1.7545198614307074e-05, '201': 1.5856130626025854e-05, '2814': 1.797874759365472e-05, '992': 1.7249325449580104e-05, '2934': 1.4482375375736038e-05, '2854': 1.2785206575038112e-05, '1152': 1.7678404978011618e-05, '121': 1.7104322674839089e-05, '1863': 1.8592845536832669e-05, '241': 1.9448059554337845e-05, '161': 1.3390959290561505e-05, '2694': 2.0137238468457722e-05, '2894': 1.3565835483592593e-05, '1823': 1.6400684037459419e-05, '2023': 1.7947423589399297e-05, '2063': 1.5343614798534868e-05}"
2,Y1,6
"{'2734': 0.00027765605069186177, '281': 0.00026190035503297564, '872': 0.00032492458534937713, '1783': 0.00028553287566248926, '2774': 0.00027174695916924507, '2654': 0.00024023664657086614, '81': 0.00033083800489323276, '1903': 0.00026978199058512768, '1983': 0.00028750421704664347, '1943': 0.00025402376664832477, 'sum': 0.0094030683018988172, '952': 0.00034462717256598897, '1072': 0.00025599378803294271, '41': 0.00035053241956648569, '1': 0.00033871928181108686, '1112': 0.00031114191064731246, '1032': 0.00025599053873109722, '912': 0.00028159596765744348, '201': 0.00029144413307339196, '2814': 0.00030326003757035061, '992': 0.00027963364564423116, '2934': 0.00024023989493387842, '2854': 0.00032689953279200823, '1152': 0.00032689580562404329, '121': 0.00030326039620464848, '1863': 0.00028159873439900334, '241': 0.00028947724457529763, '161': 0.00027569168389985157, '2694': 0.00029735382826578233, '2894': 0.00031507761976231008, '1823': 0.00028947315501770185, '2023': 0.00035053566417416496, '2063': 0.0002894804863664772}"
"{'2734': 1.998740941565784e-05, '281': 1.9242382217964869e-05, '872': 2.2002669214192851e-05, '1783': 1.8433457838149481e-05, '2774': 1.8530832524970702e-05, '2654': 1.8113904939100808e-05, '81': 2.8423791933078748e-05, '1903': 2.5288064979333301e-05, '1983': 2.1598576185322997e-05, '1943': 2.0824362516444905e-05, 'sum': 0.0001208031472093934, '952': 3.108744428941826e-05, '1072': 2.1823531836901505e-05, '41': 2.7153320346182089e-05, '1': 3.1888490361255687e-05, '1112': 2.7209415862442704e-05, '1032': 1.6120694850590082e-05, '912': 2.1687968413801614e-05, '201': 2.3124998776744741e-05, '2814': 2.1836654133808178e-05, '992': 3.0727220550891649e-05, '2934': 2.3335862811689051e-05, '2854': 2.9089516036914648e-05, '1152': 2.4446182030974196e-05, '121': 2.2380894964297047e-05, '1863': 2.5588129936145597e-05, '241': 2.6555768525169294e-05, '161': 2.7137622409020514e-05, '2694': 2.4963618511497842e-05, '2894': 2.284425960463045e-05, '1823': 2.0798862039017574e-05, '2023': 3.08854570952069e-05, '2063': 3.0360406960758973e-05}"
2,Y1,7
"{'2734': 0.00050417279952295847, '281': 0.00057904528559095435, '872': 0.00055539532050099822, '1783': 0.00045295412682237166, '2774': 0.00055539483981837908, '2654': 0.00049039072661300105, '81': 0.00057706203135181094, '1903': 0.00052387502247227299, '1983': 0.00054553560368085822, '1943': 0.00057115787339787332, 'sum': 0.017579575820315267, '952': 0.00064995704545459197, '1072': 0.00056720700682020718, '41': 0.0006007028540836707, '1': 0.00054356955731618066, '1112': 0.0005396342115296472, '1032': 0.00045690583365578803, '912': 0.00054947587834190453, '201': 0.00052190331963732116, '2814': 0.00055736629855668838, '992': 0.00052978182793594897, '2934': 0.00061252910733943986, '2854': 0.00049629212251954503, '1152': 0.00056524143926048234, '121': 0.00055736546205627105, '1863': 0.00061055811895658414, '241': 0.00062631923262210145, '161': 0.00049432571752056965, '2694': 0.00057706347246083516, '2894': 0.00058100735881335796, '1823': 0.0005179632843787511, '2023': 0.00052979193635344991, '2063': 0.0005396315612034091}"
"{'2734': 2.9966683712537192e-05, '281': 4.3313077124090233e-05, '872': 3.472653232734516e-05, '1783': 2.5917432985688644e-05, '2774': 3.4261024181087718e-05, '2654': 3.686669526414489e-05, '81': 3.1515814162326708e-05, '1903': 3.3481666964682756e-05, '1983': 2.3341886126304785e-05, '1943': 3.7201358916908271e-05, 'sum': 0.00016896737620318594, '952': 3.3457692527168181e-05, '1072': 2.5675020975718135e-05, '41': 3.19305943096737e-05, '1': 2.8369557384858787e-05, '1112': 3.3282031565713162e-05, '1032': 3.8505375284717376e-05, '912': 2.3862060773550813e-05, '201': 3.164119117955029e-05, '2814': 3.5681968364342373e-05, '992': 3.042037798933259e-05, '2934': 3.7518941428434872e-05, '2854': 2.8565228298560373e-05, '1152': 3.0889878431869503e-05, '121': 3.4887742157250613e-05, '1863': 3.6710090730696494e-05, '241': 3.7033445723737991e-05, '161': 3.2334806579934217e-05, '2694': 3.3008722536155885e-05, '2894': 3.6693753623503496e-05, '1823': 3.138969778809195e-05, '2023': 3.9988632565326926e-05, '2063': 3.0514063836337237e-05}"
2,Y1,8
"{'2734': 0.00087262568112853316, '281': 0.00088640762354067013, '872': 0.00074650599497310332, '1783': 0.00077803158426597229, '2774': 0.00088641243130569499, '2654': 0.00077408924980479625, '81': 0.00093766011019808155, '1903': 0.00086866903133810526, '1983': 0.00083320388746928548, '1943': 0.00084698932234107726, 'sum': 0.02715138652391972, '952': 0.00085093681850740991, '1072': 0.00084897787911036317, '41': 0.00080167745322649994, '1': 0.00074059738225543928, '1112': 0.0010086195487078399, '1032': 0.00072877125668099093, '912': 0.00090217656332008055, '201': 0.00093371442034690375, '2814': 0.00073467601361053606, '992': 0.00090808504366225772, '2934': 0.00080759798255448619, '2854': 0.00087655620600637647, '1152': 0.00089824061104727367, '121': 0.00075044085162751862, '1863': 0.00093370358151714165, '241': 0.00093566963539248513, '161': 0.00071891430284707779, '2694': 0.0009258327998160835, '2894': 0.00085686000003930057, '1823': 0.00084896379285642211, '2023': 0.00091203435553207756, '2063': 0.00079774512578883474}"
"{'2734': 4.6912438110772745e-05, '281': 3.7140243902220354e-05, '872': 3.9526666994544978e-05, '1783': 3.9144062161290475e-05, '2774': 4.1238792226281708e-05, '2654': 3.7832383410141709e-05, '81': 4.8787207324932686e-05, '1903': 3.4193983458750976e-05, '1983': 3.858692912110333e-05, '1943': 3.0606971559952659e-05, 'sum': 0.00025343432614760423, '952': 3.6932296638955883e-05, '1072': 4.6233618115484174e-05, '41': 3.9732256086728515e-05, '1': 4.1509964375463721e-05, '1112': 5.5739125969435e-05, '1032': 3.7994856984739895e-05, '912': 4.0437423770247916e-05, '201': 4.578830512854222e-05, '2814': 3.210695735032798e-05, '992': 3.7450799503604958e-05, '2934': 4.6780093795062309e-05, '2854': 3.8589032307769225e-05, '1152': 4.4633044928209812e-05, '121': 3.4250805558403436e-05, '1863': 3.7068640280100903e-05, '241': 3.259905099047953e-05, '161': 3.2877290553313828e-05, '2694': 4.6656342444548109e-05, '2894': 4.6156265293570203e-05, '1823': 3.4620748786425487e-05, '2023': 4.397630859310095e-05, '2063': 4.6371877476762238e-05}"
2,Y1,9
"{'2734': 0.0010300182329956442, '281': 0.001103347705793567, '872': 0.0011074148351326585, '1783': 0.0010483428855271389, '2774': 0.0010890870665510495, '2654': 0.0010890779997377346, '81': 0.0011909183638636022, '1903': 0.0011013111371236542, '1983': 0.0012337088313264151, '1943': 0.0011420346621889622, 'sum': 0.036038308218121526, '952': 0.0011746276538663854, '1072': 0.0011176137893926352, '41': 0.0011379752502155801, '1': 0.00087320303039935732, '1112': 0.0011990799064127108, '1032': 0.00092615684164532768, '912': 0.0011990673354982087, '201': 0.0011196554483224948, '2814': 0.0011379721419264874, '992': 0.0011175988523367171, '2934': 0.0011685187404509635, '2854': 0.0012092599490036568, '1152': 0.0011074430852507551, '121': 0.0010687093231050919, '1863': 0.0011929752169332157, '241': 0.001331499496397252, '161': 0.00099335785489529371, '2694': 0.0011990679427981376, '2894': 0.0011766596095791708, '1823': 0.0011114844586700202, '2023': 0.0011827949259895832, '2063': 0.0011583253799472004}"
"{'2734': 4.420803984611694e-05, '281': 5.0821307256736249e-05, '872': 4.630202337416963e-05, '1783': 4.0177518735581201e-05, '2774': 4.8414212638165445e-05, '2654': 4.1443453348613305e-05, '81': 4.0674600557893668e-05, '1903': 5.0952223308420172e-05, '1983': 5.1204585246106751e-05, '1943': 4.1859138464490904e-05, 'sum': 0.00029129670586045767, '952': 4.4397347977217735e-05, '1072': 5.6445180495673684e-05, '41': 5.2285366772052757e-05, '1': 3.6366450073540208e-05, '1112': 5.1044431892932172e-05, '1032': 4.4140291556321004e-05, '912': 4.1693075551361339e-05, '201': 5.9346354184521905e-05, '2814': 5.0189606278864694e-05, '992': 4.6426779063132825e-05, '2934': 4.5743769847510914e-05, '2854': 4.7734419149737292e-05, '1152': 6.3975702404777445e-05, '121': 4.0036114858675137e-05, '1863': 5.5033474852724415e-05, '241': 5.7004540538790586e-05, '161': 4.2441443841232548e-05, '2694': 4.2204301669968924e-05, '2894': 4.0379623868488534e-05, '1823': 4.3299548374185199e-05, '2023': 5.7674565191091659e-05, '2063': 3.8370064186458252e-05}"
2,Y1,10
"{'2734': 0.0012948254317355654, '281': 0.0012235386122483761, '872': 0.0011848296155221761, '1783': 0.0010625967755913735, '2774': 0.0011868633097037672, '2654': 0.0011216622641465315, '81': 0.0012337014816390971, '1903': 0.0012031420677279432, '1983': 0.0013294588464001814, '1943': 0.0012194447122359027, 'sum': 0.038983808582027754, '952': 0.0014027907920535654, '1072': 0.0012826059673291942, '41': 0.001213349368966495, '1': 0.00087524815850580735, '1112': 0.0013192669585502395, '1032': 0.0010442723830540975, '912': 0.001345757517265156, '201': 0.001274441194254905, '2814': 0.0011726087871162842, '992': 0.0011277913445762048, '2934': 0.0012499990387974927, '2854': 0.0013233245117589831, '1152': 0.0012866676280585429, '121': 0.0011807566275820135, '1863': 0.0012683418579399585, '241': 0.0012703885110871246, '161': 0.0010789054145182793, '2694': 0.0012703928669604162, '2894': 0.0012479499040637166, '1823': 0.0012214698169069986, '2023': 0.0013090737105812878, '2063': 0.0011583431701486309}"
"{'2734': 5.3986204074801594e-05, '281': 6.0365473451626037e-05, '872': 5.6328609272982225e-05, '1783': 3.7811333253258906e-05, '2774': 5.431898468134636e-05, '2654': 3.8138295071428357e-05, '81': 4.5995323051311805e-05, '1903': 4.2375584724674956e-05, '1983': 5.4873342418683734e-05, '1943': 4.7651223728878517e-05, 'sum': 0.00034832501273275698, '952': 4.7921412196237332e-05, '1072': 5.6060693638197819e-05, '41': 5.7845719240076675e-05, '1': 4.3967956946538715e-05, '1112': 5.1056660695640417e-05, '1032': 4.2488116575453382e-05, '912': 5.5404447268757967e-05, '201': 4.4891297890137438e-05, '2814': 5.6696051385937437e-05, '992': 5.2388123699980476e-05, '2934': 4.6950548505898127e-05, '2854': 3.8016050162737018e-05, '1152': 4.7692377793686495e-05, '121': 5.6839926348237798e-05, '1863': 5.3288029820176902e-05, '241': 5.9147972395119932e-05, '161': 4.9746757774542064e-05, '2694': 6.1636371900436178e-05, '2894': 3.7025515979028877e-05, '1823': 3.8090428503531475e-05, '2023': 4.5833121402909244e-05, '2063': 5.1955062417704109e-05}"
2,Y1,11
"{'2734': 0.0010916296387222246, '281': 0.0011470094959804555, '872': 0.0010095224624819821, '1783': 0.0010133373780263355, '2774': 0.0011718254700099351, '2654': 0.0011527425522217527, '81': 0.0011584603325900389, '1903': 0.001213840057971538, '1983': 0.0012253059485374251, '1943': 0.0011011712267645635, 'sum': 0.036839922075159848, '952': 0.0012864178206655197, '1072': 0.001288316572754411, '41': 0.0010954625540762208, '1': 0.00091596802849380765, '1112': 0.0011584562489588279, '1032': 0.0010343387930333847, '912': 0.0011661019671009853, '201': 0.001192842853924958, '2814': 0.0011469992205093149, '992': 0.0011393755503377179, '2934': 0.0011584701333049452, '2854': 0.001158460680017015, '1152': 0.001177554098831024, '121': 0.0010610907647787826, '1863': 0.0012978831291547976, '241': 0.0012635220846277662, '161': 0.0010247981463180622, '2694': 0.0012424850756360684, '2894': 0.0012596682900039013, '1823': 0.0011049880122300237, '2023': 0.0012348620030024904, '2063': 0.0011470150893728714}"
"{'2734': 4.447131970479818e-05, '281': 4.7821181464271373e-05, '872': 4.0690053860636368e-05, '1783': 3.7698229696601587e-05, '2774': 4.1832794204121924e-05, '2654': 5.0723753371502825e-05, '81': 4.3248351211729563e-05, '1903': 4.3966213662323232e-05, '1983': 4.9389979498477069e-05, '1943': 4.0180553910516844e-05, 'sum': 0.00023672539543734088, '952': 4.940151954725582e-05, '1072': 4.1559919789244213e-05, '41': 5.3693002858126736e-05, '1': 3.7106551627241701e-05, '1112': 4.0089092613316567e-05, '1032': 3.6901958658122305e-05, '912': 4.5697058542484018e-05, '201': 5.0071642783623903e-05, '2814': 4.0297034406707434e-05, '992': 5.0566601536591517e-05, '2934': 5.0028180090310119e-05, '2854': 4.3512315085257472e-05, '1152': 4.1721246967419479e-05, '121': 5.2181393517123307e-05, '1863': 5.3425772433499187e-05, '241': 6.1938938223759536e-05, '161': 4.1762731950342524e-05, '2694': 4.3696152014756282e-05, '2894': 4.0305294309663731e-05, '1823': 3.8449058247701317e-05, '2023': 5.4099814490748052e-05, '2063': 5.1459395494081559e-05}"
2,Y1,12
"{'2734': 0.00090375671958706032, '281': 0.00095059639425016935, '872': 0.00087933210500826438, '1783': 0.00077750453395613781, '2774': 0.00090986925254886344, '2654': 0.00091392942898285885, '81': 0.00089154074570008861, '1903': 0.00092411730535483605, '1983': 0.00091393875385013714, '1943': 0.00086506351750964918, 'sum': 0.02847837327669064, '952': 0.00091598961444105953, '1072': 0.00091597641973445811, '41': 0.0008609968703240156, '1': 0.0006818182397789011, '1112': 0.00094041136908344929, '1032': 0.00074288942366062356, '912': 0.00094243548616456492, '201': 0.00088134986969331901, '2814': 0.00090374688734300439, '992': 0.00089765102117477609, '2934': 0.00080193027582330003, '2854': 0.00098521747665169341, '1152': 0.00099335933142962558, '121': 0.0008446885059432437, '1863': 0.0010096483126593133, '241': 0.00095672610429270812, '161': 0.00074899623480935895, '2694': 0.00096688511354538307, '2894': 0.00087523834081366654, '1823': 0.00094246086664497854, '2023': 0.00086912755117130773, '2063': 0.00087118127072850868}"
"{'2734': 4.4075043479794723e-05, '281': 4.6103276484575742e-05, '872': 5.2120369079438238e-05, '1783': 3.8403832116259569e-05, '2774': 4.6712942691221087e-05, '2654': 3.6289508819615881e-05, '81': 4.5623379373192454e-05, '1903': 4.1603541056896499e-05, '1983': 4.4280460080044987e-05, '1943': 4.1324034609497681e-05, 'sum': 0.00024748109612004364, '952': 5.4402567524459344e-05, '1072': 4.5278383959917465e-05, '41': 4.5969485169547102e-05, '1': 4.2848556885305468e-05, '1112': 4.3901247856443932e-05, '1032': 3.6353285433340452e-05, '912': 3.2840681996510586e-05, '201': 3.7927515780176874e-05, '2814': 3.5563200011964427e-05, '992': 4.6602154349529304e-05, '2934': 3.0819382959575392e-05, '2854': 4.6846431916837675e-05, '1152': 4.3638270561876022e-05, '121': 2.9007144657630972e-05, '1863': 4.0882304487529685e-05, '241': 5.9415748563194049e-05, '161': 3.5134981114607762e-05, '2694': 4.384987845061474e-05, '2894': 3.5432077038201063e-05, '1823': 5.3190646236301102e-05, '2023': 3.3482908747640779e-05, '2063': 4.8214623797234959e-05}"
2,Y1,13
"{'2734': 0.00052098066856463745, '281': 0.00059630948817357421, '872': 0.00047416313512561224, '1783': 0.00049045346192239472, '2774': 0.00054337059361084055, '2654': 0.00051894834129295004, '81': 0.00065330881916452204, '1903': 0.00061259037368775651, '1983': 0.00061869929971483846, '1943': 0.00049045159830711786, 'sum': 0.018082235939800739, '952': 0.00060648406312490506, '1072': 0.00052912564909396074, '41': 0.00054541486412441984, '1': 0.00051690494971505052, '1112': 0.00055966118331222481, '1032': 0.00055355486692860718, '912': 0.00059223712208525587, '201': 0.00059426224324852226, '2814': 0.00052098949769667036, '992': 0.00056576463296854245, '2934': 0.00061462781062194454, '2854': 0.00057390613461999842, '1152': 0.00059426547571395831, '121': 0.00057391471345908936, '1863': 0.00064720137549253802, '241': 0.00059223587838156766, '161': 0.00054133777836492907, '2694': 0.00058409798657521605, '2894': 0.000559664165484719, '1823': 0.00056984333884126201, '2023': 0.00056169649081615105, '2063': 0.00056577023060526703}"
"{'2734': 2.8347353079267831e-05, '281': 3.87008729534943e-05, '872': 2.7571585553637663e-05, '1783': 3.4702947377041671e-05, '2774': 2.6408048384795735e-05, '2654': 3.2041772008479741e-05, '81': 3.6476276147274495e-05, '1903': 3.3958625688790563e-05, '1983': 3.5594106343028017e-05, '1943': 3.2797865028699818e-05, 'sum': 0.0001866502765038095, '952': 3.4885030846111624e-05, '1072': 3.1444676669642891e-05, '41': 3.5972041013971293e-05, '1': 2.2053590769049196e-05, '1112': 3.288057944398241e-05, '1032': 3.3504251361642719e-05, '912': 3.7858706571762737e-05, '201': 2.6504271842874378e-05, '2814': 3.7581340450345797e-05, '992': 2.8976371792377702e-05, '2934': 3.5617990604878374e-05, '2854': 2.7561765803353964e-05, '1152': 3.0421249328312552e-05, '121': 3.6760028160385001e-05, '1863': 3.6528100033414562e-05, '241': 3.6708251919215735e-05, '161': 2.982468128147012e-05, '2694': 4.1064803139441202e-05, '2894': 3.5870945804152242e-05, '1823': 3.6728754094188567e-05, '2023': 3.252582597932908e-05, '2063': 3.5007898651161832e-05}"
2,Y1,14
"{'2734': 0.00032886810743460251, '281': 0.00025993129689126247, '872': 0.00024417535995223351, '1783': 0.00028947471629738085, '2774': 0.00031901488921815349, '2654': 0.00025402857816868253, '81': 0.00031113902561276429, '1903': 0.00026387024967510614, '1983': 0.00028947375587097578, '1943': 0.0002619003522164759, 'sum': 0.0095783373821646933, '952': 0.00033871254662141926, '1072': 0.00029144256897721321, '41': 0.00029932300657815029, '1': 0.00036629388717213465, '1112': 0.00035841164607254246, '1032': 0.00028356610545738329, '912': 0.00028553600291601354, '201': 0.0002934149928360937, '2814': 0.00026387277701418965, '992': 0.00028553504342844168, '2934': 0.00033280333398931451, '2854': 0.00033871784070206264, '1152': 0.00033477275170415882, '121': 0.00027174792147331662, '1863': 0.00035447521781128261, '241': 0.00029144521554811829, '161': 0.00027766025760361264, '2694': 0.0003209844280424858, '2894': 0.00026190239887294027, '1823': 0.00030325931466875536, '2023': 0.00030129506710856673, '2063': 0.0003012888144791847}"
"{'2734': 2.7983866406255018e-05, '281': 1.9812008810855517e-05, '872': 1.8127988858355413e-05, '1783': 2.3169766981586127e-05, '2774': 2.0162499149947376e-05, '2654': 2.7464322434144607e-05, '81': 2.3408922908507342e-05, '1903': 2.0096925623867649e-05, '1983': 2.1741689961824193e-05, '1943': 1.9241962118722278e-05, 'sum': 0.00012475207410324749, '952': 2.3830876594388949e-05, '1072': 2.0749974282879035e-05, '41': 2.4578622443236043e-05, '1': 3.2531483075158445e-05, '1112': 2.827877534756868e-05, '1032': 2.2747539250832597e-05, '912': 2.3413773704094774e-05, '201': 2.5072599471582868e-05, '2814': 2.3921526907355438e-05, '992': 2.2002101573928051e-05, '2934': 2.2974662790203902e-05, '2854': 3.0343400975077571e-05, '1152': 2.2804321021212157e-05, '121': 2.018748008699184e-05, '1863': 3.1330073600169179e-05, '241': 2.4635842329301555e-05, '161': 2.6079911446390159e-05, '2694': 2.0213174903618347e-05, '2894': 2.2507846505398428e-05, '1823': 2.0705796550922372e-05, '2023': 2.7876886842276467e-05, '2063': 1.8979625597405523e-05}"
2,Y1,15
"{'2734': 0.00011420430194947028, '281': 0.00017131559058813559, '872': 0.00013980299474731567, '1783': 0.00012995819504853459, '2774': 0.00014374291077406417, '2654': 0.00014571004336880099, '81': 0.00014965044007816863, '1903': 0.00016146609860081827, '1983': 0.00014177493698474381, '1943': 0.00012995675206184387, 'sum': 0.0046234110430363688, '952': 0.00015359059738505993, '1072': 0.00014177529843554141, '41': 0.00013783477967785251, '1': 0.00020282289516481181, '1112': 0.00016540734026010239, '1032': 0.00012798901767499985, '912': 0.00016343431367028143, '201': 0.00011223416414953047, '2814': 0.0001358664453765678, '992': 0.00012995807487787978, '2934': 0.00014965116204093061, '2854': 0.00014177289220594589, '1152': 0.00015358927363019075, '121': 0.0001614651381744132, '1863': 0.0001319271311419265, '241': 0.00018115918858036879, '161': 0.00011617419940810049, '2694': 0.00014177409579016028, '2894': 0.00012404982361101334, '1823': 0.00013783574198192406, '2023': 0.00015161925693973899, '2063': 0.00013389799090462827}"
"{'2734': 1.4080799067874998e-05, '281': 2.4093618286803928e-05, '872': 1.4208905710197449e-05, '1783': 1.6198547794867508e-05, '2774': 1.7576209706502488e-05, '2654': 1.318017606123019e-05, '81': 1.7642557116556807e-05, '1903': 1.8681525367105739e-05, '1983': 1.9692628340595673e-05, '1943': 1.2892595749895868e-05, 'sum': 8.684017241144809e-05, '952': 2.0778315850349957e-05, '1072': 2.0293567047623524e-05, '41': 1.62540856058027e-05, '1': 2.3241183111343823e-05, '1112': 2.320661447957527e-05, '1032': 1.610225130482818e-05, '912': 1.6840449110013581e-05, '201': 1.1357327635219177e-05, '2814': 1.7838852634711103e-05, '992': 1.5949330639281151e-05, '2934': 1.8956342202124709e-05, '2854': 1.5859469358200694e-05, '1152': 1.8535906354851575e-05, '121': 1.6878753778422055e-05, '1863': 1.5786186966688928e-05, '241': 2.0312980520677487e-05, '161': 1.5851382415881098e-05, '2694': 1.8213359599740339e-05, '2894': 1.400735779781982e-05, '1823': 1.8119765835582576e-05, '2023': 1.6955147804112397e-05, '2063': 1.9078748471147513e-05}"
2,Y1,16
"{'2734': 4.2726906637350716e-05, '281': 6.7142831782499948e-05, '872': 5.9004065891106922e-05, '1783': 6.9178268313407903e-05, '2774': 3.865764786799749e-05, '2654': 6.9177771608034769e-05, '81': 4.6796289583047229e-05, '1903': 5.2899991472562155e-05, '1983': 6.7143825193246204e-05, '1943': 5.4935055474440256e-05, 'sum': 0.0018128537262479465, '952': 5.0865175823370615e-05, '1072': 4.8830608526865642e-05, '41': 8.1385796268781022e-05, '1': 0.00010376864520367235, '1112': 5.4934434592723848e-05, '1032': 5.2900115648905435e-05, '912': 5.6969995299975076e-05, '201': 5.4934682945410408e-05, '2814': 6.5108512838681543e-05, '992': 4.6795792877674101e-05, '2934': 4.4761349757512409e-05, '2854': 3.8657523691654203e-05, '1152': 7.5281473497549695e-05, '121': 5.2899618943532307e-05, '1863': 4.6796165406703949e-05, '241': 4.8830732703208922e-05, '161': 4.4761722286542256e-05, '2694': 5.6969871123631796e-05, '2894': 6.3073821365833282e-05, '1823': 4.0692090988159182e-05, '2023': 6.3072703778743747e-05, '2063': 5.2900239825248716e-05}"
"{'2734': 9.7724182662977607e-06, '281': 1.1466451440184304e-05, '872': 1.074648464918377e-05, '1783': 1.3643977807261436e-05, '2774': 9.4757647467280407e-06, '2654': 1.2324845695558644e-05, '81': 1.0422803392503293e-05, '1903': 1.0024718616588771e-05, '1983': 1.4142527567711461e-05, '1943': 1.1466385335633402e-05, 'sum': 5.80296399318224e-05, '952': 9.293235830260001e-06, '1072': 9.4381143509097719e-06, '41': 1.2531439710198381e-05, '1': 1.5529012161886156e-05, '1112': 9.4153263704248658e-06, '1032': 1.0443329003782971e-05, '912': 1.2394156739838152e-05, '201': 1.0284935866615486e-05, '2814': 1.2393895225687927e-05, '992': 8.6239810858887026e-06, '2934': 9.2238455639812088e-06, '2854': 9.0124910374850018e-06, '1152': 1.159033636686935e-05, '121': 8.6487888737162873e-06, '1863': 1.0003409877872281e-05, '241': 9.8814491960592136e-06, '161': 1.0525171897915817e-05, '2694': 1.2043221211048919e-05, '2894': 1.2237549485094793e-05, '1823': 8.9408422787010911e-06, '2023': 8.5241332481391833e-06, '2063': 1.0845649890343633e-05}"
2,Y1,17
"{'2734': 1.0172960658868154e-05, '281': 2.0345921317736308e-05, '872': 2.2380240261554717e-05, '1783': 2.644962320725123e-05, '2774': 2.8484314680099487e-05, '2654': 1.6276786724726358e-05, '81': 3.0518757800261183e-05, '1903': 2.4415180087089537e-05, '1983': 3.2553821802139284e-05, '1943': 2.6449374854564666e-05, 'sum': 0.00073245341579119367, '952': 3.4588761627674104e-05, '1072': 1.6276786724726358e-05, '41': 1.6276538372039794e-05, '1': 6.5107519427935287e-05, '1112': 2.2380488614241281e-05, '1032': 1.6276662548383078e-05, '912': 1.8311229844888051e-05, '201': 1.8311105668544771e-05, '2814': 2.8484314680099487e-05, '992': 3.6622832218805949e-05, '2934': 1.4241971075534821e-05, '2854': 1.6276662548383078e-05, '1152': 1.8311354021231335e-05, '121': 4.0691345930099486e-06, '1863': 2.644962320725123e-05, '241': 1.6276662548383078e-05, '161': 1.4241971075534821e-05, '2694': 2.0345797141393027e-05, '2894': 2.2380488614241281e-05, '1823': 1.8311478197574615e-05, '2023': 2.8484563032786051e-05, '2063': 2.2380488614241281e-05}"
"{'2734': 5.1388602216516856e-06, '281': 6.758593601843034e-06, '872': 5.4619309253248537e-06, '1783': 6.9768206146816755e-06, '2774': 7.5940385449493542e-06, '2654': 6.5002225954356934e-06, '81': 7.0176147484420318e-06, '1903': 7.5184842114860441e-06, '1983': 9.1305208198436722e-06, '1943': 5.6165444111975253e-06, 'sum': 3.3239417450710181e-05, '952': 1.042304329679677e-05, '1072': 6.5002225954356917e-06, '41': 5.0122115663348701e-06, '1': 9.223885234182857e-06, '1112': 6.8529711727629847e-06, '1032': 5.8041002135118763e-06, '912': 5.9618104377318762e-06, '201': 5.1940241255180037e-06, '2814': 7.5940385449493542e-06, '992': 8.5823989497124348e-06, '2934': 4.7938671939555606e-06, '2854': 5.8041002135118763e-06, '1152': 6.6414215928045873e-06, '121': 2.8272686264943813e-06, '1863': 6.9768206146816763e-06, '241': 5.8041002135118763e-06, '161': 4.7938671939555606e-06, '2694': 6.0920692560699937e-06, '2894': 6.8529711727629847e-06, '1823': 7.2577783162691429e-06, '2023': 8.6487808142282078e-06, '2063': 6.8529711727629847e-06}"
2,Y1,18
"{'2734': 1.5751488747135285e-05, '281': 5.9068082801757317e-06, '872': 1.1813616560351463e-05, '1783': 1.1813616560351463e-05, '2774': 1.1813736731006252e-05, '2654': 9.8446804669595528e-06, '81': 1.5751488747135285e-05, '1903': 1.1813616560351463e-05, '1983': 1.9689481104573895e-05, '1943': 1.1813616560351463e-05, 'sum': 0.00036622391593071722, '952': 7.8757443735676423e-06, '1072': 9.8448006376143418e-06, '41': 5.9068082801757317e-06, '1': 2.9534401912843029e-05, '1112': 1.3782552653743374e-05, '1032': 3.9378721867838211e-06, '912': 9.8446804669595528e-06, '201': 1.7720545011181984e-05, '2814': 1.5751488747135285e-05, '992': 7.8757443735676423e-06, '2934': 3.9378721867838211e-06, '2854': 7.8757443735676423e-06, '1152': 1.1813616560351463e-05, '121': 3.9378721867838211e-06, '1863': 2.3627954144631664e-05, '241': 1.1813736731006252e-05, '161': 5.9068082801757317e-06, '2694': 9.8446804669595528e-06, '2894': 1.5751488747135285e-05, '1823': 9.8448006376143418e-06, '2023': 9.8446804669595528e-06, '2063': 3.9378721867838211e-06}"
"{'2734': 4.8761819713600287e-06, '281': 3.2946602482823506e-06, '872': 4.4026749481771878e-06, '1783': 4.402674948177187e-06, '2774': 5.2341471149171935e-06, '2654': 4.0986673207356154e-06, '81': 4.8761819713600287e-06, '1903': 4.4026749481771878e-06, '1983': 5.9287141611618914e-06, '1943': 4.4026749481771878e-06, 'sum': 2.4017914527519683e-05, '952': 3.7357935734594647e-06, '1072': 4.9811483516599202e-06, '41': 3.2946602482823493e-06, '1': 7.4196695873103886e-06, '1112': 4.6593532065324082e-06, '1032': 2.7376945392791192e-06, '912': 4.0986673207356145e-06, '201': 5.7964630286672498e-06, '2814': 4.8761819713600287e-06, '992': 3.7357935734594647e-06, '2934': 2.7376945392791192e-06, '2854': 3.7357935734594647e-06, '1152': 4.4026749481771878e-06, '121': 2.7376945392791192e-06, '1863': 8.8059518151484733e-06, '241': 5.2341471149171935e-06, '161': 3.2946602482823497e-06, '2694': 4.0986673207356145e-06, '2894': 4.8761819713600287e-06, '1823': 4.9811483516599202e-06, '2023': 4.0986673207356145e-06, '2063': 2.7376945392791184e-06}"
2,Y1,19
"{'2734': 4.0691345930099486e-06, '281': 6.1037018895149233e-06, '872': 8.1382691860198971e-06, '1783': 2.0345672965049743e-06, '2774': 2.0345672965049743e-06, '2654': 6.1037018895149233e-06, '81': 1.2207403779029847e-05, '1903': 8.1383933623631791e-06, '1983': 1.0172836482524872e-05, '1943': 8.1382691860198971e-06, 'sum': 0.00025025252252817152, '952': 1.2207527955373128e-05, '1072': 8.1382691860198971e-06, '41': 8.1382691860198971e-06, '1': 1.2207403779029847e-05, '1112': 8.1382691860198971e-06, '1032': 1.0172836482524872e-05, '912': 6.1037018895149233e-06, '201': 8.1383933623631791e-06, '2814': 8.1383933623631791e-06, '992': 1.2207403779029847e-05, '2934': 8.1382691860198971e-06, '2854': 1.2207403779029847e-05, '1152': 1.4242095251878103e-05, '121': 1.0172836482524872e-05, '1863': 4.0691345930099486e-06, '241': 6.1037018895149233e-06, '161': 6.1037018895149233e-06, '2694': 4.0691345930099486e-06, '2894': 4.0691345930099486e-06, '1823': 6.1037018895149233e-06, '2023': 1.0172960658868154e-05, '2063': 4.0691345930099486e-06}"
"{'2734': 2.8272686264943821e-06, '281': 3.4002869595161523e-06, '872': 3.8529176796417633e-06, '1783': 2.0345672965049743e-06, '2774': 2.0345672965049743e-06, '2654': 3.4002869595161519e-06, '81': 4.5337159460215362e-06, '1903': 4.8384252442391934e-06, '1983': 4.224040435824551e-06, '1943': 3.8529176796417633e-06, 'sum': 1.8357937339722659e-05, '952': 5.3962885050376282e-06, '1072': 3.8529176796417633e-06, '41': 3.8529176796417633e-06, '1': 4.533715946021537e-06, '1112': 3.8529176796417633e-06, '1032': 4.224040435824551e-06, '912': 3.4002869595161519e-06, '201': 4.8384252442391934e-06, '2814': 4.8384252442391934e-06, '992': 4.5337159460215353e-06, '2934': 3.8529176796417633e-06, '2854': 4.5337159460215362e-06, '1152': 5.616626621013077e-06, '121': 4.224040435824551e-06, '1863': 2.8272686264943813e-06, '241': 3.4002869595161523e-06, '161': 3.4002869595161523e-06, '2694': 2.8272686264943813e-06, '2894': 2.8272686264943821e-06, '1823': 3.4002869595161523e-06, '2023': 5.1388602216516856e-06, '2063': 2.8272686264943813e-06}"
